,Id,Symbol,Name,Image,Current_Price,Market_Cap,Market_Cap_Rank,Fully_Diluted_Valuation,Total_Volume,High_24H,Low_24H,Price_Change_24H,Price_Change_Percentage_24H,Market_Cap_Change_24H,Market_Cap_Change_Percentage_24H,Circulating_Supply,Total_Supply,Max_Supply,Ath,Ath_Change_Percentage,Ath_Date,Atl,Atl_Change_Percentage,Atl_Date,Last_Updated
0,Bitcoin,BTC,Bitcoin,['https://coin-images.coingecko.com/coins/images/1/large/bitcoin.png?1696501400'],79986.0,1606210807060,1.0,1606221045687.0,20329447212.0,80147.0,79586.0,320.5,0.40395,6537168201.0,0.40866,20080328.0,20080456.0,21000000.0,126080.0,-36.5594,2013-07-05 16:00:00+00:00,67.81,117857.54419,2013-07-05 16:00:00+00:00,2026-09-06T12:25:20.000Z
1,Ethereum,ETH,Ethereum,['https://coin-images.coingecko.com/coins/images/279/large/ethereum.png?1696501628'],2502.69,305405629623,2.0,305405629623.0,8856987979.0,2521.39,2451.62,47.92,1.94505,5871784758.0,1.96031,122023857.56610575,122023857.5661057,1000000000.0,4946.05,-49.40017,2015-10-19 16:00:00+00:00,0.432979,577917.14359,2015-10-19 16:00:00+00:00,2026-09-06T12:25:20.000Z
2,Tether,USDT,Tether,['https://coin-images.coingecko.com/coins/images/325/large/Tether.png?1696501661'],0.999967,183389288958,3.0,188856142534.0,44194372050.0,1.0,0.999881,-0.000107434563873743,-0.01041,-16798264.728363037,-0.00916,183392383062.09265,188859328873.3562,1000000000.0,1.32,-24.42213,2015-03-01 16:00:00+00:00,0.572521,74.66037,2015-03-01 16:00:00+00:00,2026-09-06T12:25:20.000Z
3,Binancecoin,BNB,BNB,['https://coin-images.coingecko.com/coins/images/825/large/bnb-icon2_2x.png?1696501970'],757.95,100940133246,4.0,100940130775.0,1778739298.0,779.7,754.74,3.41,0.47163,462983538.0,0.46078,133161871.89,133161861.44,200000000.0,1369.99,-44.67451,2017-10-18 16:00:00+00:00,0.0398177,1903462.16048,2017-10-18 16:00:00+00:00,2026-09-06T12:25:20.000Z
4,Ripple,XRP,XRP,['https://coin-images.coingecko.com/coins/images/44/large/xrp-symbol-white-128.png?1696501442'],1.42,89224379654,5.0,142182261636.0,1572436816.0,1.43,1.41,0.01620099,1.16012,1051731801.0,1.19281,62744504852.0,99985627691.0,100000000000.0,3.65,-61.01705,2014-05-21 16:00:00+00:00,0.00268621,52817.21845,2014-05-21 16:00:00+00:00,2026-09-06T12:25:20.000Z
5,Usd-Coin,USDC,USDC,['https://coin-images.coingecko.com/coins/images/6319/large/USDC.png?1769615602'],0.999915,74538489827,6.0,74554609160.0,9969078910.0,1.0,0.999897,-7.4469347598027e-05,-0.00702,-62990658.32672119,-0.08444,74543550970.483,74560251624.61424,1000000000.0,1.043,-4.17352,2023-03-11 00:02:13+00:00,0.877647,13.93144,2023-03-11 00:02:13+00:00,2026-09-06T12:25:20.000Z
6,Solana,SOL,Solana,['https://coin-images.coingecko.com/coins/images/4128/large/solana.png?1718769756'],106.53,62373167669,7.0,67498143987.0,3715555557.0,107.14,102.65,4.15,4.05246,2444923931.0,4.07975,585445181.6020305,633549057.3200206,1000000000.0,293.31,-63.68066,2020-05-11 11:35:23+00:00,0.500801,21171.70726,2020-05-11 11:35:23+00:00,2026-09-06T12:25:20.000Z
7,Tron,TRX,TRON,['https://coin-images.coingecko.com/coins/images/1094/large/photo_2026-04-13_09-59-16.png?1776048311'],0.335117,31813479888,8.0,31814042269.0,245003826.0,0.335145,0.332901,0.00218496,0.66981,207045373.0,0.65507,94935900212.59479,94937622231.33868,1000000000.0,0.431288,-22.29871,2017-11-11 16:00:00+00:00,0.00180434,18472.79265,2017-11-11 16:00:00+00:00,2026-09-06T12:25:20.000Z
8,Figure-Heloc,FIGR_HELOC,Figure Heloc,['https://coin-images.coingecko.com/coins/images/68480/large/figure.png?1755863954'],1.055,23516084575,9.0,23516084575.0,343538.0,1.055,1.004,0.0164322,1.58351,403393476.0,1.74533,22290650137.398,22290650137.398,1000000000.0,1.061,-0.52441,2025-10-31 06:27:24+00:00,0.155357,579.06691,2025-10-31 06:27:24+00:00,2026-09-05T22:40:20.000Z
9,Zcash,ZEC,Zcash,['https://coin-images.coingecko.com/coins/images/486/large/Brandmark-Yellow_%281%29.png?1785810558'],1177.85,19918718278,9.0,19920059503.0,1263062807.0,1206.41,1004.71,166.75,16.53846,2818845945.0,16.4846,16916382.9780448,16917600.1655448,21000000.0,3191.93,-63.09907,2024-07-04 20:22:29+00:00,16.08,7224.88842,2024-07-04 20:22:29+00:00,2026-09-06T12:25:20.000Z
10,Hyperliquid,HYPE,Hyperliquid,['https://coin-images.coingecko.com/coins/images/50882/large/hyperliquid.jpg?1729431300'],89.17,19828497366,10.0,85154726342.0,1094697916.0,88.64,84.94,4.08,4.84866,900405154.0,4.75698,222445714.07414138,955307079.4341414,1000000000.0,89.24,-0.08204,2024-11-29 01:30:30+00:00,3.81,2241.13061,2024-11-29 01:30:30+00:00,2026-09-06T12:25:20.000Z
11,Dogecoin,DOGE,Dogecoin,['https://coin-images.coingecko.com/coins/images/5/large/dogecoin.png?1696501409'],0.089973,14019650294,11.0,14019683588.0,1400433912.0,0.094557,0.087114,0.0036669,4.21268,574024940.0,4.26923,155802096383.7052,155802816383.7052,1000000000.0,0.731578,-87.70147,2015-05-05 16:00:00+00:00,8.69e-05,103432.21837,2015-05-05 16:00:00+00:00,2026-09-06T12:25:20.000Z
12,Rain,RAIN,Rain,['https://coin-images.coingecko.com/coins/images/69134/large/Rain_logo_1_.png?1762952191'],0.0170292,12077949375,12.0,19455461431.0,40569716.0,0.01727553,0.01639659,0.00061961,3.79085,440257227.0,3.78303,709207157937.1138,1142408539441.109,1150000000000.0,0.01946402,-12.50936,2025-09-14 00:56:57+00:00,0.00222126,666.64631,2025-09-14 00:56:57+00:00,2026-09-06T12:25:20.000Z
13,Monero,XMR,Monero,['https://coin-images.coingecko.com/coins/images/69/large/monero_logo.png?1696501460'],534.17,10044992117,13.0,10045005581.0,110241960.0,558.79,535.45,-4.220887272035839,-0.77165,-77155837.926857,-0.76225,18801037.59904108,18801069.99830875,1000000000.0,797.73,-33.03876,2015-01-13 16:00:00+00:00,0.216177,247000.2516,2015-01-13 16:00:00+00:00,2026-09-06T12:25:20.000Z
14,Usds,USDS,USDS,['https://coin-images.coingecko.com/coins/images/39926/large/usds.webp?1726666683'],0.99974,9821451368,14.0,9820685861.0,84667840.0,0.999953,0.999501,1.272e-05,-0.00795,14591126.0,0.14878,9822846877.735327,9823362298.231236,1000000000.0,1.057,-5.44612,2024-10-03 05:19:28+00:00,0.948265,5.42823,2024-10-03 05:19:28+00:00,2026-09-06T12:25:20.000Z
15,Chainlink,LINK,Chainlink,['https://coin-images.coingecko.com/coins/images/877/large/Chainlink_Logo_500.png?1760023405'],12.32,9222301760,15.0,12327632836.0,455945195.0,12.44,11.83,0.568025,4.80928,430879691.0,4.90114,748099970.424884,1000000000.0,1000000000.0,52.7,-76.62137,2017-11-28 16:00:00+00:00,0.148183,8213.85856,2017-11-28 16:00:00+00:00,2026-09-06T12:25:20.000Z
16,Whitebit,WBT,WhiteBIT Coin,['https://coin-images.coingecko.com/coins/images/27045/large/wbt_token.png?1696526096'],73.74,8698417700,16.0,21651356203.0,48580148.0,73.97,73.09,0.574262,0.78574,67845144.0,0.7861,117956019.0,293606018.0,400000000.0,74.97,-1.63581,2023-02-13 11:01:21+00:00,3.06,2308.53418,2023-02-13 11:01:21+00:00,2026-09-06T12:25:20.000Z
17,Leo-Token,LEO,LEO Token,['https://coin-images.coingecko.com/coins/images/8418/large/leo-token.png?1696508607'],9.34,8590676253,17.0,9201284299.0,112925.0,9.35,9.22,0.078905,0.85089,72515015.0,0.8513,919857851.9,985239504.0,1000000000.0,10.61,-12.00389,2019-12-24 07:14:35+00:00,0.799859,1067.60636,2019-12-24 07:14:35+00:00,2026-09-06T12:25:20.000Z
18,Cardano,ADA,Cardano,['https://coin-images.coingecko.com/coins/images/975/large/cardano.png?1696502090'],0.221119,8294933008,18.0,9952769540.0,459327706.0,0.223606,0.215218,0.00719903,3.28206,272000295.0,3.39029,37504333228.36598,45000000000.0,45000000000.0,3.09,-92.83688,2020-03-12 18:22:55+00:00,0.01925275,1048.50717,2020-03-12 18:22:55+00:00,2026-09-06T12:25:20.000Z
19,Stellar,XLM,Stellar,['https://coin-images.coingecko.com/coins/images/100/large/fmpFRHHQ_400x400.jpg?1735231350'],0.186598,6495686112,19.0,9332663545.0,124831239.0,0.187637,0.183105,0.00378357,2.04444,133367771.0,2.09621,34802059537.96682,50001786839.91247,1000000000.0,0.875563,-78.68823,2015-03-04 16:00:00+00:00,0.00047612,39091.09107,2015-03-04 16:00:00+00:00,2026-09-06T12:25:20.000Z
20,Bitcoin-Cash,BCH,Bitcoin Cash,['https://coin-images.coingecko.com/coins/images/780/large/bitcoin-cash-circle.png?1696501932'],259.7,5219183920,20.0,5219188792.0,174831052.0,264.82,248.61,8.48,3.39295,173451483.0,3.43759,20085359.27165078,20085387.39665078,21000000.0,3785.82,-93.14009,2018-12-15 16:00:00+00:00,76.93,237.56368,2018-12-15 16:00:00+00:00,2026-09-06T12:25:20.000Z
21,Dai,DAI,Dai,['https://coin-images.coingecko.com/coins/images/9956/large/Badge_Dai.png?1696509996'],0.999744,4605034960,21.0,4609280847.0,212737615.0,1.0,0.999675,-7.4337334268204e-05,-0.00733,1106115.0,0.02403,4606139659.843871,4610386565.675083,1000000000.0,1.22,-17.98184,2023-03-10 23:50:50+00:00,0.88196,13.35487,2023-03-10 23:50:50+00:00,2026-09-06T12:25:20.000Z
22,Uniswap,UNI,Uniswap,['https://coin-images.coingecko.com/coins/images/12504/large/uniswap-logo.png?1720676669'],7.06,4400061532,22.0,6286910354.0,1136134173.0,7.48,6.21,0.817364,13.17092,508514551.0,13.06716,623212423.7271129,890460420.0329479,1000000000.0,44.92,-84.2782,2020-09-16 17:20:38+00:00,1.03,585.5104,2020-09-16 17:20:38+00:00,2026-09-06T12:25:20.000Z
23,Canton-Network,CC,Canton,['https://coin-images.coingecko.com/coins/images/70468/large/Canton-Ticker_%281%29.png?1762826299'],0.110464,4367549577,23.0,4367549577.0,8240175.0,0.111423,0.108689,0.00168274,1.55018,69997614.0,1.62878,39539104491.68428,39539104491.68428,1000000000.0,0.194152,-43.10436,2025-12-06 02:32:09+00:00,0.059024,87.15052,2025-12-06 02:32:09+00:00,2026-09-06T12:25:20.000Z
24,Ethena-Usde,USDE,Ethena USDe,['https://coin-images.coingecko.com/coins/images/33613/large/usde.png?1733810059'],0.999852,4351100399,24.0,4370297863.0,29936643.0,1.0,0.999832,-4.7818902560004e-05,-0.00478,8374690.0,0.19284,4351675100.803718,4351675100.803718,1000000000.0,1.034,-3.30472,2024-10-03 23:57:15+00:00,0.929486,7.57045,2024-10-03 23:57:15+00:00,2026-09-06T12:25:20.000Z
25,Usd1-Wlfi,USD1,USD1,['https://coin-images.coingecko.com/coins/images/54977/large/USD1_1000x1000_transparent.png?1749297002'],0.999662,4246567027,25.0,4246567027.0,897885888.0,0.999779,0.999515,5.6e-06,-0.00111,-72158.7283372879,-0.0017,4248045903.897321,4248045903.897321,1000000000.0,1.048,-4.60626,2026-07-09 09:13:20+00:00,0.988762,1.10231,2026-07-09 09:13:20+00:00,2026-09-06T12:25:20.000Z
26,Litecoin,LTC,Litecoin,['https://coin-images.coingecko.com/coins/images/2/large/litecoin.png?1696501400'],54.63,4239175459,26.0,4239173068.0,366156826.0,55.3,53.5,1.46,2.70768,114070048.0,2.76526,77577423.06367686,77580160.5707371,84000000.0,410.26,-86.68303,2015-01-13 16:00:00+00:00,1.15,4655.58428,2015-01-13 16:00:00+00:00,2026-09-06T12:25:20.000Z
27,The-Open-Network,GRAM,Gram (prev. Toncoin),['https://coin-images.coingecko.com/coins/images/17980/large/Gram_Circular_Badge.png?1781524778'],1.42,3957854853,27.0,7460797853.0,29460502.0,1.45,1.41,-0.003199534174692209,-0.16926,-7569681.5325369835,-0.19089,2782035994.289973,5244324205.423365,1000000000.0,8.25,-82.7656,2021-09-20 16:33:11+00:00,0.519364,173.88497,2021-09-20 16:33:11+00:00,2026-09-06T12:25:20.000Z
28,Hedera-Hashgraph,HBAR,Hedera,['https://coin-images.coingecko.com/coins/images/3688/large/hbar.png?1696504364'],0.081421,3570134259,28.0,4072561281.0,56635552.0,0.082287,0.080092,0.00100812,1.22084,45496650.0,1.29082,43831559704.29233,50000000000.0,50000000000.0,0.569229,-85.6962,2020-01-02 09:30:24+00:00,0.00986111,725.68145,2020-01-02 09:30:24+00:00,2026-09-06T12:25:20.000Z
29,Avalanche-2,AVAX,Avalanche,['https://coin-images.coingecko.com/coins/images/12559/large/Avalanche_Circle_RedWhite_Trans.png?1696512369'],7.7,3324040432,29.0,3567848225.0,219672039.0,7.74,7.51,0.194394,2.6082,83919848.0,2.59002,431771961.1772119,463441061.1772119,720000000.0,144.96,-94.68926,2020-12-31 05:15:21+00:00,2.8,174.84269,2020-12-31 05:15:21+00:00,2026-09-06T12:25:20.000Z
30,Sui,SUI,Sui,['https://coin-images.coingecko.com/coins/images/26375/large/sui-ocean-square.png?1727791290'],0.804125,3295797328,30.0,8045325137.0,647526958.0,0.812155,0.786055,0.01531147,1.91442,64391982.0,1.99269,4096537146.5409594,10000000000.0,10000000000.0,5.35,-84.95997,2023-10-19 02:40:30+00:00,0.364846,120.40112,2023-10-19 02:40:30+00:00,2026-09-06T12:25:20.000Z
31,Global-Dollar,USDG,Global Dollar,['https://coin-images.coingecko.com/coins/images/51281/large/GDN_USDG_Token_200x200.png?1730484111'],0.999968,3262599432,31.0,3262599432.0,1447998877.0,1.0,0.99989,-0.000162435360864466,-0.01698,4135408.0,0.12691,3262674582.733342,3262674582.733342,1000000000.0,1.65,-39.56127,2024-11-11 15:55:50+00:00,0.907561,10.18192,2024-11-11 15:55:50+00:00,2026-09-06T12:25:20.000Z
32,Shiba-Inu,SHIB,Shiba Inu,['https://coin-images.coingecko.com/coins/images/11939/large/shiba.png?1696511800'],5.46e-06,3219193120,32.0,3220596337.0,70783916.0,5.57e-06,5.42e-06,4.5696e-08,0.80679,30508650.0,0.95678,589239307782558.2,589496238721205.9,1000000000.0,8.616e-05,-93.66609,2020-11-28 03:26:25+00:00,5.6366e-11,9681592.53429,2020-11-28 03:26:25+00:00,2026-09-06T12:25:20.000Z
33,Near,NEAR,NEAR Protocol,['https://coin-images.coingecko.com/coins/images/10365/large/near.jpg?1696510367'],2.37,3095816020,33.0,3095816070.0,501197007.0,2.41,2.16,0.132566,6.03638,176418563.0,6.04298,1305587160.0,1305587160.0,1000000000.0,20.44,-88.40996,2020-11-04 08:09:15+00:00,0.526762,349.68767,2020-11-04 08:09:15+00:00,2026-09-06T12:25:20.000Z
34,Paypal-Usd,PYUSD,PayPal USD,['https://coin-images.coingecko.com/coins/images/31212/large/PYUSD_Token_Logo_2x.png?1765987788'],0.999913,2935726948,34.0,2935726948.0,53349503.0,1.0,0.999845,-6.0927747899231e-05,-0.0101,70183523.0,2.44922,2935798963.4697447,2935798963.469744,1000000000.0,1.021,-2.04011,2024-12-05 14:31:13+00:00,0.959426,4.21993,2024-12-05 14:31:13+00:00,2026-09-06T12:25:20.000Z
35,Blackrock-Usd-Institutional-Digital-Liquidity-Fund,BUIDL,BlackRock USD Institutional Digital Liquidity Fund,['https://coin-images.coingecko.com/coins/images/36291/large/blackrock.png?1711013223'],1.0,2832282866,35.0,2832282866.0,5496987.5,1.0,1.0,0.0,0.0,9.53674e-07,0.0,2832282865.800449,2832282865.800449,1000000000.0,1.0,0.0,2026-07-23 07:25:00+00:00,1.0,0.0,2026-07-23 07:25:00+00:00,2026-09-06T12:25:20.000Z
36,Crypto-Com-Chain,CRO,Cronos,['https://coin-images.coingecko.com/coins/images/7310/large/cro_token_logo.png?1696507599'],0.057357,2782983013,36.0,5670836176.0,4976294.0,0.057654,0.056155,0.00127166,2.28507,60875407.0,2.23633,48537580380.310074,98904244105.75826,100000000000.0,0.891544,-93.56661,2019-02-07 16:00:00+00:00,0.0121196,373.25443,2019-02-07 16:00:00+00:00,2026-09-06T12:25:20.000Z
37,Tether-Gold,XAUT,Tether Gold,['https://coin-images.coingecko.com/coins/images/10481/large/logo.png?1774627372'],4422.13,2709914448,37.0,3129667128.0,78789675.0,4428.45,4418.37,-4.023049928138789,-0.08875,-2534564.629306793,-0.09344,612823.6595320001,707747.089,1000000000.0,5504.62,-19.66512,2020-03-19 05:45:41+00:00,1447.84,205.42897,2020-03-19 05:45:41+00:00,2026-09-06T12:25:20.000Z
38,Hashnote-Usyc,USYC,Circle USYC,['https://coin-images.coingecko.com/coins/images/51054/large/Hashnote_SDYC_200x200.png?1730370965'],1.14,2624340328,38.0,2624340328.0,5496987.5,1.14,1.14,0.0,0.0,0.0,0.0,2308988052.650666,2308988052.650666,1000000000.0,1.14,0.0,2024-12-05 14:31:20+00:00,1.026,10.76628,2024-12-05 14:31:20+00:00,2026-09-06T12:25:20.000Z
39,Memecore,M,MemeCore,['https://coin-images.coingecko.com/coins/images/53247/large/square-bg-transparent.png?1752637478'],1.14,2576238828,39.0,6141873609.0,1752413.0,1.15,1.11,0.01572498,1.39963,35794833.0,1.409,2269713807.086116,5411088233.874623,10000000000.0,5.64,-79.88468,2025-07-03 19:56:17+00:00,0.04746135,2291.81385,2025-07-03 19:56:17+00:00,2026-09-06T12:25:20.000Z
40,Ripple-Usd,RLUSD,Ripple USD,['https://coin-images.coingecko.com/coins/images/39651/large/RLUSD_200x200_%281%29.png?1727376633'],0.999981,2407070832,40.0,2407070832.0,52177937.0,1.0,0.99982,4.432e-05,0.00206,71193.0,0.00296,2407151384.647233,2407151384.647232,1000000000.0,1.073,-6.78928,2024-12-17 20:40:40+00:00,0.962292,3.91664,2024-12-17 20:40:40+00:00,2026-09-06T12:25:20.000Z
41,Okb,OKB,OKB,['https://coin-images.coingecko.com/coins/images/4463/large/WeChat_Image_20220118095654.png?1696505053'],113.96,2393753442,41.0,2393753442.0,33675069.0,115.96,112.71,1.32,1.156,28258359.0,1.19461,21000000.0,21000000.0,21000000.0,228.74,-50.1783,2019-01-13 16:00:00+00:00,0.580608,19528.02016,2019-01-13 16:00:00+00:00,2026-09-06T12:25:20.000Z
42,Bittensor,TAO,Bittensor,['https://coin-images.coingecko.com/coins/images/28452/large/ARUsPeNQ_400x400.jpeg?1696527447'],244.82,2351973195,42.0,5146286367.0,166763833.0,242.26,232.43,5.91,2.55521,59038037.0,2.57478,9597491.0,21000000.0,21000000.0,757.6,-67.6854,2023-05-14 00:57:53+00:00,30.83,694.08775,2023-05-14 00:57:53+00:00,2026-09-06T12:25:20.000Z
43,Ondo-Us-Dollar-Yield,USDY,Ondo US Dollar Yield,['https://coin-images.coingecko.com/coins/images/31700/large/usdy_%281%29.png?1696530524'],1.15,2199029951,43.0,2199029951.0,601698.0,1.15,1.14,0.00428042,0.38736,7982171.0,0.36431,1920354245.1574128,1920354245.157412,1000000000.0,1.26,-9.33947,2024-01-14 03:40:50+00:00,0.934184,22.5759,2024-01-14 03:40:50+00:00,2026-09-06T12:25:20.000Z
44,Aster-2,ASTER,Aster,['https://coin-images.coingecko.com/coins/images/69040/large/_ASTER.png?1757326782'],0.785306,2119971972,44.0,6127454234.0,366034589.0,0.863964,0.768134,-0.03061310604808376,-4.30885,-83017658.54069138,-3.76841,2700010975.2797318,7803968119.651995,8000000000.0,2.41,-67.3976,2025-09-17 04:05:36+00:00,0.099713,687.56223,2025-09-17 04:05:36+00:00,2026-09-06T12:25:20.000Z
45,Aave,AAVE,Aave,['https://coin-images.coingecko.com/coins/images/12645/large/aave-token-round.png?1720472354'],135.58,2091903366,45.0,2169563774.0,262480552.0,139.93,129.52,5.58,4.33714,86345067.0,4.30529,15427273.563592426,16000000.0,16000000.0,661.69,-79.51033,2020-11-05 01:20:11+00:00,26.02,420.9904,2020-11-05 01:20:11+00:00,2026-09-06T12:25:20.000Z
46,Mantle,MNT,Mantle,['https://coin-images.coingecko.com/coins/images/30980/large/MNT_Token_Logo.png?1765516974'],0.605067,1998775142,46.0,3764357252.0,21843122.0,0.610864,0.577891,0.02821743,4.93579,93849126.0,4.92665,3302294382.53684,6219316794.889999,6219316794.89,2.86,-78.80719,2023-10-17 18:50:46+00:00,0.307978,96.46457,2023-10-17 18:50:46+00:00,2026-09-06T12:25:20.000Z
47,Pax-Gold,PAXG,PAX Gold,['https://coin-images.coingecko.com/coins/images/9519/large/asset-paxg.png?1785284785'],4428.25,1915288525,47.0,1915288525.0,51957312.0,4435.4,4423.81,-4.872180609372663,-0.10731,-2050390.1986849308,-0.10694,432503.322051,432503.322051,1000000000.0,5619.09,-21.19282,2019-11-17 19:09:35+00:00,1399.64,216.38437,2019-11-17 19:09:35+00:00,2026-09-06T12:25:20.000Z
48,Ondo-Finance,ONDO,Ondo,['https://coin-images.coingecko.com/coins/images/26580/large/ONDO.png?1696525656'],0.380431,1853093326,48.0,3805642829.0,91279466.0,0.380887,0.367686,0.00945774,2.51664,46702816.0,2.58542,4869330647.0,10000000000.0,10000000000.0,2.14,-82.22416,2024-01-18 04:14:30+00:00,0.082171,362.97458,2024-01-18 04:14:30+00:00,2026-09-06T12:25:20.000Z
49,World-Liberty-Financial,WLFI,World Liberty Financial,['https://coin-images.coingecko.com/coins/images/50767/large/wlfi.png?1756438915'],0.056934,1809236061,49.0,5693526238.0,26551214.0,0.057586,0.056338,0.00047658,0.85755,15196879.0,0.84708,31777074273.0,100000000000.0,100000000000.0,0.331336,-82.8169,2026-08-09 02:00:00+00:00,0.050799,12.07703,2026-08-09 02:00:00+00:00,2026-09-06T12:25:20.000Z
50,Morpho,MORPHO,Morpho,['https://coin-images.coingecko.com/coins/images/29837/large/Morpho-token-icon.png?1726771230'],2.57,1772285967,50.0,2573528781.0,42489078.0,2.62,2.48,0.051606,1.92531,35216499.0,2.02735,688659858.8603929,1000000000.0,1000000000.0,4.17,-38.27806,2024-11-24 17:55:43+00:00,0.713151,260.95842,2024-11-24 17:55:43+00:00,2026-09-06T12:27:20.000Z
51,Ethena,ENA,Ethena,['https://coin-images.coingecko.com/coins/images/36530/large/ethena.png?1711701436'],0.17362,1752563021,51.0,2604024918.0,841721501.0,0.188609,0.161871,0.01086596,6.71102,109507155.0,6.66485,10095312500.0,15000000000.0,15000000000.0,1.52,-88.56032,2026-06-30 15:44:00+00:00,0.070228,147.22205,2026-06-30 15:44:00+00:00,2026-09-06T12:27:20.000Z
52,Sky,SKY,Sky,['https://coin-images.coingecko.com/coins/images/39925/large/sky.jpg?1724827980'],0.071875,1683426874,52.0,1686253457.0,8248563.0,0.072034,0.067203,0.00459087,6.96206,107342070.0,6.81068,23423335850.535244,23462665147.36596,23462665147.3,0.100535,-28.50768,2025-02-02 21:01:48+00:00,0.03582727,100.61525,2025-02-02 21:01:48+00:00,2026-09-06T12:27:20.000Z
53,Polkadot,DOT,Polkadot,['https://coin-images.coingecko.com/coins/images/12171/large/polkadot.jpg?1766533446'],0.984825,1675315570,53.0,1675325664.0,151291738.0,0.98892,0.906814,0.073433,7.96303,124729894.0,8.04405,1701483652.305329,1701498715.789636,2100000000.0,54.98,-98.20873,2026-08-18 02:57:10+00:00,0.727004,35.4634,2026-08-18 02:57:10+00:00,2026-09-06T12:27:20.000Z
54,Pump-Fun,PUMP,Pump.fun,['https://coin-images.coingecko.com/coins/images/67164/large/pump.jpg?1751949376'],0.00402529,1591430489,54.0,3363295193.0,252270960.0,0.00414089,0.0037741,-0.000131028384439457,-2.99461,-52036621.52027893,-3.16627,395313089620.79755,835446237432.6464,1000000000000.0,0.00881908,-54.35707,2026-06-25 17:04:20+00:00,0.00115473,248.59244,2026-06-25 17:04:20+00:00,2026-09-06T12:27:20.000Z
55,Worldcoin-Wld,WLD,Worldcoin,['https://coin-images.coingecko.com/coins/images/31069/large/worldcoin.jpeg?1696529903'],0.422003,1535809144,55.0,4223691509.0,167542375.0,0.421194,0.394972,0.02004478,4.57478,75239305.0,5.15137,3636177360.3347373,10000000000.0,10000000000.0,11.74,-96.40562,2026-05-18 15:06:00+00:00,0.229961,83.51037,2026-05-18 15:06:00+00:00,2026-09-06T12:27:20.000Z
56,Pepe,PEPE,Pepe,['https://coin-images.coingecko.com/coins/images/29850/large/pepe-token.jpeg?1696528776'],3.63e-06,1528616594,56.0,1528616594.0,229840562.0,3.69e-06,3.55e-06,1.07954e-07,3.13518,45449927.0,3.06438,420690000000000.0,420690000000000.0,420690000000000.0,2.803e-05,-87.03622,2023-04-17 18:14:41+00:00,5.5142e-08,6489.32568,2023-04-17 18:14:41+00:00,2026-09-06T12:27:20.000Z
57,Htx-Dao,HTX,HTX DAO,['https://coin-images.coingecko.com/coins/images/35491/large/Frame_1321318576.png?1708908626'],1.69e-06,1514720998,57.0,1514720998.0,31165641.0,1.69e-06,1.66e-06,2.3979e-08,1.54021,21951506.0,1.47052,898232728634017.2,898232728634017.2,999990000000000.0,3.75e-06,-55.06127,2024-08-05 05:31:33+00:00,8.00816e-07,110.51962,2024-08-05 05:31:33+00:00,2026-09-06T12:27:20.000Z
58,Internet-Computer,ICP,Internet Computer,['https://coin-images.coingecko.com/coins/images/14495/large/Internet_Computer_logo.png?1696514180'],2.66,1481371329,58.0,1481371329.0,49643936.0,2.73,2.59,0.03549726,1.28815,20423281.0,1.39795,556240627.926663,556240627.926663,1000000000.0,700.65,-99.62005,2026-08-01 20:31:10+00:00,2.0,32.92874,2026-08-01 20:31:10+00:00,2026-09-06T12:27:20.000Z
59,Usdd,USDD,USDD,['https://coin-images.coingecko.com/coins/images/25380/large/UUSD.jpg?1696524513'],0.998054,1467276921,59.0,1466949176.0,1987508.0,0.999534,0.997467,-0.001485195281707541,-0.11674,-9466895.087625027,-0.64107,1470124766.0,1470124766.0,1000000000.0,1.24,-19.65484,2022-06-19 08:15:11+00:00,0.928067,7.54115,2022-06-19 08:15:11+00:00,2026-09-06T12:27:20.000Z
60,Bitget-Token,BGB,Bitget Token,['https://coin-images.coingecko.com/coins/images/11610/large/Bitget_logo.png?1736925727'],2.01,1409201234,60.0,1833836338.0,10387809.0,2.05,1.99,-0.00241616199420891,-0.18162,-1070075.1125335693,-0.07588,699992029.6481038,910920874.6481038,2000000000.0,8.45,-76.18695,2020-06-24 20:17:05+00:00,0.0142795,13992.0869,2020-06-24 20:17:05+00:00,2026-09-06T12:27:20.000Z
61,Usdgo,USDGO,USDGO,['https://coin-images.coingecko.com/coins/images/102172077/large/USDGO_%287%29.png?1771437018'],0.999913,1355335539,61.0,1355335539.0,34129898.0,1.0,0.999832,-0.000157790805131452,-0.01585,-215135.92618322372,-0.01587,1355454412.77,1355454412.77,1000000000.0,1.002,-0.24901,2026-05-13 20:34:00+00:00,0.999259,0.06549,2026-05-13 20:34:00+00:00,2026-09-06T12:27:20.000Z
62,Falcon-Finance,USDF,Falcon USD,['https://coin-images.coingecko.com/coins/images/54558/large/ff_200_X_200.png?1740741076'],0.9968,1339786889,62.0,1339786889.0,250910.0,1.003,0.987829,0.00020478,0.02238,292436.0,0.02183,1344083107.942925,1344083107.942925,1000000000.0,1.075,-7.23835,2025-07-08 02:16:34+00:00,0.943422,5.6579,2025-07-08 02:16:34+00:00,2026-09-06T12:27:20.000Z
63,Bfusd,BFUSD,BFUSD,['https://coin-images.coingecko.com/coins/images/68227/large/bfusd.png?1755132827'],0.999998,1320001405,63.0,1320001405.0,2321719.0,1.0,0.999954,-3.64514629837e-05,-0.00196,-43778.5746421814,-0.00332,1320000000.0,1320000000.0,1000000000.0,1.007,-0.68791,2026-07-29 19:14:40+00:00,0.996931,0.30764,2026-07-29 19:14:40+00:00,2026-09-06T12:27:20.000Z
64,Arbitrum,ARB,Arbitrum,['https://coin-images.coingecko.com/coins/images/16547/large/arb.jpg?1721358242'],0.193292,1295209107,64.0,1939494429.0,1000795257.0,0.203584,0.131919,0.060625,46.26865,409248567.0,46.19264,6678075931.0,10000000000.0,10000000000.0,2.39,-91.91344,2026-06-26 13:20:40+00:00,0.07048,174.25091,2026-06-26 13:20:40+00:00,2026-09-06T12:27:20.000Z
65,United-Stables,U,United Stables,['https://coin-images.coingecko.com/coins/images/71157/large/united-stables-logo.jpg?1766061640'],0.999215,1276506813,65.0,1276506813.0,122439883.0,0.999542,0.999045,-0.000144114955148655,-0.02013,-173500.61774873734,-0.01359,1277499107.8,1277499107.8,1000000000.0,1.008,-0.84979,2025-12-20 16:47:20+00:00,0.968158,3.20782,2025-12-20 16:47:20+00:00,2026-09-06T12:27:20.000Z
66,Spiko-Amundi-Overnight-Swap-Fund-Eur,EURSAFO,Spiko Amundi Overnight Swap Fund (EUR),['https://coin-images.coingecko.com/coins/images/102172591/large/Fund_eurSAF0.png?1774104814'],1.18,1229005528,66.0,1229005528.0,5496987.5,1.18,1.18,0.0,0.0,0.0,0.0,1045687476.43203,1045687476.43203,1000000000.0,1.18,-0.71416,2026-07-30 07:40:10+00:00,1.15,1.83749,2026-07-30 07:40:10+00:00,2026-09-06T12:27:20.000Z
67,Ethereum-Classic,ETC,Ethereum Classic,['https://coin-images.coingecko.com/coins/images/453/large/ethereum-classic-logo.png?1696501717'],7.75,1224585972,67.0,1224589218.0,49508809.0,7.86,7.69,0.067089,0.9897,10494612.0,0.8644,158079680.7852675,158080488.7212675,210700000.0,167.09,-95.36295,2016-07-24 16:00:00+00:00,0.615038,1159.73268,2016-07-24 16:00:00+00:00,2026-09-06T12:27:20.000Z
68,Bitway,BTW,Bitway,['https://coin-images.coingecko.com/coins/images/71205/large/BTW_Token_200x200.png?1786291907'],0.449386,1217868004,68.0,4497060636.0,11242252.0,0.465303,0.43156,0.01480865,3.7165,40970708.0,3.48125,2708142280.000001,10000000000.0,10000000000.0,0.745279,-39.70231,2026-03-03 06:55:24+00:00,0.00911805,4828.53221,2026-03-03 06:55:24+00:00,2026-09-06T12:27:20.000Z
69,Lighter,LIT,Lighter,['https://coin-images.coingecko.com/coins/images/71121/large/lighter.png?1765888098'],4.62,1154806066,69.0,4619224264.0,65656426.0,4.86,4.53,-0.053065301051105074,-1.30229,-12951159.26684165,-1.10906,250000000.0,1000000000.0,1000000000.0,7.86,-41.24579,2026-03-31 09:55:00+00:00,0.779399,492.50339,2026-03-31 09:55:00+00:00,2026-09-06T12:27:20.000Z
70,Pi-Network,PI,Pi Network,['https://coin-images.coingecko.com/coins/images/54342/large/pi_network.jpg?1739347576'],0.095499,1064393056,70.0,1637527778.0,4057390.0,0.096439,0.095011,0.00014115,0.18223,1944092.0,0.18298,11141680597.248924,17141047072.69065,100000000000.0,2.99,-96.80349,2026-07-14 02:37:30+00:00,0.070586,35.29469,2026-07-14 02:37:30+00:00,2026-09-06T12:27:20.000Z
71,Polygon-Ecosystem-Token,POL,POL (ex-MATIC),['https://coin-images.coingecko.com/coins/images/32440/large/pol.png?1759114181'],0.09735,1042295571,71.0,1042295571.0,75344987.0,0.100267,0.09461,0.0024599,2.56911,26124663.0,2.57089,10709454818.56161,10709454818.56161,1000000000.0,1.29,-92.43916,2026-07-01 01:13:30+00:00,0.067711,43.77337,2026-07-01 01:13:30+00:00,2026-09-06T12:27:20.000Z
72,Gatechain-Token,GT,Gate,['https://coin-images.coingecko.com/coins/images/8183/large/200X200.png?1735246724'],9.2,980604906,72.0,1093283483.0,3755912.0,9.61,8.99,0.212935,2.20662,22700894.0,2.36985,106618550.63980542,118869816.33852223,142622844.0,25.38,-63.76352,2020-03-12 18:18:02+00:00,0.25754,3471.26011,2020-03-12 18:18:02+00:00,2026-09-06T12:27:20.000Z
73,Kucoin-Shares,KCS,KuCoin,['https://coin-images.coingecko.com/coins/images/1047/large/sa9z79.png?1696502152'],7.13,978251213,73.0,1013913458.0,2992726.0,7.3,7.11,0.03568044,0.47662,4786709.0,0.49172,137155021.2773955,142155021.2773955,1000000000.0,28.83,-75.25752,2019-02-06 16:00:00+00:00,0.342863,1980.48927,2019-02-06 16:00:00+00:00,2026-09-06T12:27:20.000Z
74,Blockchain-Capital,BCAP,Blockchain Capital,['https://coin-images.coingecko.com/coins/images/56040/large/bcap_logo_200.png?1748088291'],106.22,967888430,74.0,967888430.0,5496987.5,106.22,106.22,1.4211e-14,0.0,1.19209e-07,0.0,9112111.0,9112111.0,1000000000.0,106.25,-0.02824,2025-06-02 12:50:02+00:00,17.76,498.08559,2025-06-02 12:50:02+00:00,2026-09-06T12:27:20.000Z
75,Quant-Network,QNT,Quant,['https://coin-images.coingecko.com/coins/images/3370/large/5ZOu7brX_400x400.jpg?1696504070'],65.83,957490715,75.0,961988236.0,15814025.0,67.11,63.69,2.07,3.25394,30136917.0,3.24978,14544176.164081175,14612493.0,14612493.0,427.42,-84.59807,2018-08-22 16:00:00+00:00,0.215773,30409.46245,2018-08-22 16:00:00+00:00,2026-09-06T12:27:20.000Z
76,Just,JST,JUST,['https://coin-images.coingecko.com/coins/images/11095/large/JUST.jpg?1696511035'],0.112523,921427695,76.0,921427695.0,24744684.0,0.112395,0.108267,0.00422556,3.92295,34607588.0,3.90244,8188743036.341737,8188743036.341737,9900000000.0,0.193254,-41.77459,2020-05-08 22:08:54+00:00,0.00476275,2262.56547,2020-05-08 22:08:54+00:00,2026-09-06T12:27:20.000Z
77,Eutbl,EUTBL,Spiko EU T-Bills Money Market Fund,['https://coin-images.coingecko.com/coins/images/39657/large/EUTBL.png?1723517425'],1.23,882559347,77.0,882559347.0,5496987.5,1.23,1.23,0.0,0.0,0.0,0.0,718027528.4955,718027528.4955,1000000000.0,1.26,-2.52758,2024-08-15 01:45:23+00:00,1.011,21.58465,2024-08-15 01:45:23+00:00,2026-09-06T12:27:20.000Z
78,Jupiter-Exchange-Solana,JUP,Jupiter,['https://coin-images.coingecko.com/coins/images/34188/large/jup.png?1704266489'],0.264683,880132019,78.0,1819059078.0,158119482.0,0.282272,0.218514,0.04062908,17.98476,136201245.0,18.30832,3320312968.08,6862431220.269392,10000000000.0,2.0,-86.76591,2026-02-12 10:35:44+00:00,0.135801,94.90553,2026-02-12 10:35:44+00:00,2026-09-06T12:27:20.000Z
79,Dash,DASH,Dash,['https://coin-images.coingecko.com/coins/images/19/large/dash-logo.png?1696501423'],67.62,867517128,79.0,867521074.0,409791419.0,78.31,65.21,-1.114975463326985,-1.34714,-14157833.13014841,-1.60579,12828163.64374112,12828243.25784524,18920000.0,1493.59,-95.47253,2014-02-13 16:00:00+00:00,0.213899,31513.95999,2014-02-13 16:00:00+00:00,2026-09-06T12:27:20.000Z
80,Algorand,ALGO,Algorand,['https://coin-images.coingecko.com/coins/images/4380/large/download.png?1696504978'],0.095238,860518103,80.0,860530729.0,38374589.0,0.097499,0.093782,-0.001741748622374084,-2.04128,-16072674.20159018,-1.83354,9038985932.3071,9039124447.160526,10000000000.0,3.56,-97.32564,2026-07-29 20:10:10+00:00,0.075732,25.75656,2026-07-29 20:10:10+00:00,2026-09-06T12:27:20.000Z
81,Cosmos,ATOM,Cosmos Hub,['https://coin-images.coingecko.com/coins/images/1481/large/cosmos_hub.png?1696502525'],1.59,843654973,81.0,843674594.0,29241787.0,1.61,1.54,0.050077,3.16263,26719352.0,3.27068,529167107.427159,529185592.187209,1000000000.0,43.84,-96.36359,2020-03-12 18:27:44+00:00,1.16,37.44057,2020-03-12 18:27:44+00:00,2026-09-06T12:27:20.000Z
82,Kaspa,KAS,Kaspa,['https://coin-images.coingecko.com/coins/images/25751/large/kaspa-icon-exchanges.png?1696524837'],0.03045803,843493918,82.0,843531346.0,8600996.0,0.03089492,0.03009138,0.00030187,1.05164,8688067.0,1.04073,27683423155.231007,27684679320.44802,28704026601.0,0.207411,-85.31514,2022-05-26 06:42:59+00:00,0.00017105,17706.54741,2022-05-26 06:42:59+00:00,2026-09-06T12:27:20.000Z
83,Nexo,NEXO,NEXO,['https://coin-images.coingecko.com/coins/images/3695/large/CG-nexo-token-200x200_2x.png?1730414360'],0.830419,830242949,83.0,830242949.0,2785883.0,0.844164,0.828951,-0.002768320164465266,-0.46114,-2944729.0094702244,-0.35343,1000000000.0,1000000000.0,1000000000.0,4.07,-79.5864,2018-09-12 16:00:00+00:00,0.04515276,1739.13304,2018-09-12 16:00:00+00:00,2026-09-06T12:27:20.000Z
84,Venice-Token,VVV,Venice Token,['https://coin-images.coingecko.com/coins/images/54023/large/VVV_Token_Transparent.png?1741856877'],17.03,813635311,84.0,1378633466.0,9435465.0,17.65,16.98,-0.6949448102090265,-3.85179,-33132506.793317556,-3.91282,47770329.5504836,80951920.59511653,1000000000.0,22.58,-24.58124,2025-12-01 10:55:48+00:00,0.91975,1751.94699,2025-12-01 10:55:48+00:00,2026-09-06T12:27:20.000Z
85,Janus-Henderson-Anemoy-Treasury-Fund,JTRSY,Janus Henderson Anemoy Treasury Fund,['https://coin-images.coingecko.com/coins/images/70445/large/JTRSY.png?1762078582'],1.12,799656135,85.0,799656135.0,5496987.5,1.12,1.12,0.0,0.0,0.0,0.0,717141156.78007,717141156.78007,1000000000.0,1.12,0.0,2025-11-12 20:05:05+00:00,1.085,2.79229,2025-11-12 20:05:05+00:00,2026-09-06T12:27:20.000Z
86,Render-Token,RENDER,Render,['https://coin-images.coingecko.com/coins/images/11636/large/rndr.png?1696511529'],1.51,784388848,86.0,806706384.0,43651153.0,1.52,1.46,0.03760409,2.5307,20250414.0,2.6501,518772101.28269154,533532274.5626915,644245094.0,13.53,-88.83921,2020-06-16 05:22:25+00:00,0.03665669,4020.88294,2020-06-16 05:22:25+00:00,2026-09-06T12:27:20.000Z
87,Superstate-Short-Duration-Us-Government-Securities-Fund-Ustb,USTB,Invesco Short Duration US Government Securities Fund,['https://coin-images.coingecko.com/coins/images/35012/large/Invesco_icon_lg.png?1780816895'],11.2,774870145,87.0,774971484.0,5496987.5,11.2,11.2,0.0,0.0,-131762.23148310184,-0.017,69181764.436295,69190812.145106,1000000000.0,11.2,0.0,2025-02-26 01:55:09+00:00,10.29,8.84038,2025-02-26 01:55:09+00:00,2026-09-06T12:27:20.000Z
88,Stable-2,STABLE,​​Stable,['https://coin-images.coingecko.com/coins/images/69242/large/stable-logotype-framed-square-light.png?1762753913'],0.02815648,734372640,88.0,2816469309.0,7664654.0,0.02918749,0.02816031,-0.000906053327270839,-2.91255,-22536847.871491432,-2.97748,26074228395.0,100000000000.0,100000000000.0,0.04323745,-34.87941,2025-12-23 21:49:32+00:00,0.0092214,205.33858,2025-12-23 21:49:32+00:00,2026-09-06T12:27:20.000Z
89,Pancakeswap-Token,CAKE,PancakeSwap,['https://coin-images.coingecko.com/coins/images/12632/large/pancakeswap-cake-logo_%281%29.png?1696512440'],2.22,712706963,89.0,738650563.0,132438750.0,2.28,2.18,0.052033,2.50183,16811300.0,2.41578,320777532.8279649,332454315.1958355,400000000.0,43.96,-94.94713,2020-11-03 06:29:34+00:00,0.194441,1042.49535,2020-11-03 06:29:34+00:00,2026-09-06T12:27:20.000Z
90,Janus-Henderson-Anemoy-Aaa-Clo-Fund,JAAA,Janus Henderson Anemoy AAA CLO Fund,['https://coin-images.coingecko.com/coins/images/70446/large/jaaa.png?1762078666'],1.048,710966727,90.0,710966727.0,5496987.5,1.048,1.048,0.0,0.0,0.0,0.0,678300455.183658,678300455.183658,1000000000.0,1.048,0.0,2025-12-06 06:10:05+00:00,1.009,3.83086,2025-12-06 06:10:05+00:00,2026-09-06T12:27:20.000Z
91,Gho,GHO,GHO,['https://coin-images.coingecko.com/coins/images/30663/large/gho-token-logo.png?1720517092'],0.999045,698335926,91.0,698335926.0,4725878.0,0.999384,0.999026,-0.000116557519160509,-0.00978,-78159.83057880402,-0.01119,699000000.0,699000000.0,1000000000.0,1.03,-2.99048,2023-10-23 20:41:04+00:00,0.917065,8.93935,2023-10-23 20:41:04+00:00,2026-09-06T12:27:20.000Z
92,Filecoin,FIL,Filecoin,['https://coin-images.coingecko.com/coins/images/12817/large/filecoin.png?1696512609'],0.797399,659225313,92.0,1560221043.0,94345542.0,0.838778,0.776759,0.016092,2.00235,13204156.0,2.04392,826911066.0,1957091075.0,1000000000.0,236.84,-99.66331,2026-08-18 03:52:30+00:00,0.612413,30.20609,2026-08-18 03:52:30+00:00,2026-09-06T12:27:20.000Z
93,Pons,PONS,Pons,['https://coin-images.coingecko.com/coins/images/102174571/large/jhitvkisdq8fhxvimdkpcw7y3dx5.?1784093932'],0.92316,658000932,93.0,649500514.0,208919455.0,0.971034,0.853002,0.03530592,3.43339,25756043.0,4.07374,712104762.0614183,712104762.0614183,1000000000.0,0.971034,-4.9302,2026-07-17 00:36:50+00:00,0.00331678,27733.00997,2026-07-17 00:36:50+00:00,2026-09-06T12:27:20.000Z
94,Beldex,BDX,Beldex,['https://coin-images.coingecko.com/coins/images/5111/large/Beldex.png?1696505631'],0.078813,620313085,94.0,783375822.0,10787587.0,0.079793,0.07811,-0.000999649592861057,-1.21193,-7856241.276844621,-1.25066,7870530241.685869,9939470266.565985,1000000000.0,0.450785,-82.51643,2019-11-01 03:05:12+00:00,0.00027519,28540.05483,2019-11-01 03:05:12+00:00,2026-09-06T12:27:20.000Z
95,Official-Trump,TRUMP,Official Trump,['https://coin-images.coingecko.com/coins/images/53746/large/trump.png?1737171561'],2.36,616553547,95.0,2354327277.0,187405298.0,2.42,2.34,-0.013039282712715039,-0.56531,-3631586.330742836,-0.58556,261880985.28763402,1000000000.0,1000000000.0,73.43,-96.79266,2026-08-13 18:40:30+00:00,1.37,71.8804,2026-08-13 18:40:30+00:00,2026-09-06T12:27:20.000Z
96,Vechain,VET,VeChain,['https://coin-images.coingecko.com/coins/images/1167/large/VET.png?1742383283'],0.00700809,602489049,96.0,602489049.0,7076572.0,0.00706116,0.00686677,0.00013572,1.93333,11568611.0,1.95773,85985041177.0,85985041177.0,86712634466.0,0.280991,-97.50594,2020-03-12 18:29:59+00:00,0.00191713,265.55029,2020-03-12 18:29:59+00:00,2026-09-06T12:27:20.000Z
97,Curve-Dao-Token,CRV,Curve DAO,['https://coin-images.coingecko.com/coins/images/12124/large/Curve.png?1696511967'],0.374507,581992153,97.0,904456558.0,75752333.0,0.390599,0.359931,0.01106364,2.85159,17093822.0,3.026,1554555546.0,2415902864.71863,3030303031.0,15.37,-97.56372,2026-06-06 05:03:15+00:00,0.170749,119.33189,2026-06-06 05:03:15+00:00,2026-09-06T12:27:20.000Z
98,Flare-Networks,FLR,Flare,['https://coin-images.coingecko.com/coins/images/28624/large/FLR-icon200x200.png?1696527609'],0.00667042,579105533,98.0,710353027.0,3259022.0,0.00680387,0.00659121,-2.4560223771675e-05,-0.37251,-2002793.191214919,-0.34465,86818814609.00671,106495283845.9158,1000000000.0,0.150073,-95.55521,2026-08-19 10:09:30+00:00,0.00586043,13.82139,2026-08-19 10:09:30+00:00,2026-09-06T12:27:20.000Z
99,Ether-Fi,ETHFI,Ether.fi,['https://coin-images.coingecko.com/coins/images/35958/large/etherfi.jpeg?1710254562'],0.590425,569957926,99.0,569957926.0,50930711.0,0.600615,0.555309,0.03231944,5.62367,31190906.0,5.78931,965350000.0,965350000.0,1000000000.0,8.53,-93.07737,2026-06-05 19:19:15+00:00,0.26653,121.52284,2026-06-05 19:19:15+00:00,2026-09-06T12:27:20.000Z
100,Xdce-Crowd-Sale,XDC,XDC Network,['https://coin-images.coingecko.com/coins/images/2912/large/xdc-icon.png?1696503661'],0.02810965,560409132,100.0,1069468666.0,4695280.0,0.02831162,0.02771879,0.00037368,1.29833,7168469.0,1.29572,19946688440.0,38065686425.1,1000000000.0,0.192754,-85.41684,2019-07-21 16:00:00+00:00,0.00039532,7010.64001,2019-07-21 16:00:00+00:00,2026-09-06T12:27:20.000Z
101,Pudgy-Penguins,PENGU,Pudgy Penguins,['https://coin-images.coingecko.com/coins/images/52622/large/PUDGY_PENGUINS_PENGU_PFP.png?1733809110'],0.00883373,555906450,101.0,678499120.0,208365440.0,0.00893172,0.00850732,0.00022712,2.65142,14891039.0,2.75242,62860396090.0,76722843309.19649,88888888888.0,0.068447,-87.09399,2025-04-08 17:31:57+00:00,0.00371517,137.77482,2025-04-08 17:31:57+00:00,2026-09-06T12:27:20.000Z
102,Usual-Usd,USD0,Usual USD,['https://coin-images.coingecko.com/coins/images/38272/large/USD0LOGO.png?1716962811'],0.998865,548436245,102.0,548431249.0,88864.0,0.999086,0.998665,0.00014327,0.01652,69826.0,0.01273,549058444.6722091,549053442.665394,1000000000.0,1.33,-24.65378,2025-04-10 00:30:51+00:00,0.962885,3.73664,2025-04-10 00:30:51+00:00,2026-09-06T12:27:20.000Z
103,Aerodrome-Finance,AERO,Aerodrome Finance,['https://coin-images.coingecko.com/coins/images/31745/large/token.png?1696530564'],0.55327,545929654,103.0,1091935825.0,44801693.0,0.560338,0.515725,0.03362119,6.44626,33140371.0,6.46277,986773392.0291667,1973685089.485853,1000000000.0,2.32,-76.12061,2023-10-16 17:23:50+00:00,1.861e-05,2972878.87727,2023-10-16 17:23:50+00:00,2026-09-06T12:27:20.000Z
104,Spx6900,SPX,SPX6900,['https://coin-images.coingecko.com/coins/images/31401/large/centeredcoin_%281%29.png?1737048493'],0.570977,531673684,104.0,531673684.0,9874618.0,0.614077,0.576824,-0.019177632075927153,-3.22328,-17752995.345043898,-3.23119,930987335.2481942,930987335.2481942,1000000000.0,2.27,-74.85415,2024-02-04 11:12:19+00:00,0.00131808,43218.76501,2024-02-04 11:12:19+00:00,2026-09-06T12:27:20.000Z
105,Aptos,APT,Aptos,['https://coin-images.coingecko.com/coins/images/26455/large/Aptos-Network-Profile-Picture_%281%29.png?1788259511'],0.618468,530663728,105.0,746844898.0,64799277.0,0.6324,0.596711,0.01579263,2.6009,13271247.0,2.56503,858537772.2149961,1208287756.081489,2100000000.0,19.92,-96.89534,2026-08-30 23:47:30+00:00,0.511162,20.99244,2026-08-30 23:47:30+00:00,2026-09-06T12:27:20.000Z
106,Ylds,YLDS,YLDS,['https://coin-images.coingecko.com/coins/images/66486/large/YLDS.png?1772560579'],1.0,523560188,106.0,523560188.0,453261.0,1.0,0.99994,1.31e-06,0.00112,-562.2814035415649,-0.00011,523552099.63,523552099.63,1000000000.0,1.001,-0.13347,2026-06-30 03:40:10+00:00,0.998383,0.16378,2026-06-30 03:40:10+00:00,2026-09-06T12:27:20.000Z
107,Bianrensheng,币安人生,币安人生 (BinanceLife),['https://coin-images.coingecko.com/coins/images/69848/large/%E5%B8%81%E5%AE%89%E4%BA%BA%E7%94%9F.png?1759839225'],0.519154,519028872,107.0,519028872.0,19542827.0,0.623808,0.520111,-0.021664501993947538,-4.2033,-21789328.869985044,-4.02896,1000000000.0,1000000000.0,1000000000.0,0.894202,-41.94226,2026-03-29 00:34:00+00:00,0.03826008,1256.90701,2026-03-29 00:34:00+00:00,2026-09-06T12:27:20.000Z
108,Injective-Protocol,INJ,Injective,['https://coin-images.coingecko.com/coins/images/12882/large/Other_200x200.png?1738782212'],5.09,509410245,108.0,509410245.0,69439312.0,5.19,4.88,0.151998,3.01527,15174107.0,3.07021,100000000.0,100000000.0,1000000000.0,52.62,-90.31871,2020-11-03 08:19:30+00:00,0.657401,674.9244,2020-11-03 08:19:30+00:00,2026-09-06T12:27:20.000Z
109,Blockstack,STX,Stacks,['https://coin-images.coingecko.com/coins/images/2069/large/Stacks_Logo_png.png?1709979332'],0.267873,499153378,109.0,499153378.0,11730639.0,0.273281,0.257733,0.00968176,3.59564,17895454.0,3.71847,1864299118.496399,1864299118.496399,1000000000.0,3.86,-93.06805,2020-03-12 18:29:26+00:00,0.04559639,487.48665,2020-03-12 18:29:26+00:00,2026-09-06T12:27:20.000Z
110,True-Usd,TUSD,TrueUSD,['https://coin-images.coingecko.com/coins/images/3449/large/tusd.png?1696504140'],0.999462,494253843,110.0,494253843.0,8416646.0,0.999718,0.999007,-0.000143142182422618,-0.01196,-66205.9206354618,-0.01339,494515083.0,494515083.0,1000000000.0,1.62,-38.24809,2020-03-12 02:47:51+00:00,0.88355,13.11897,2020-03-12 02:47:51+00:00,2026-09-06T12:27:20.000Z
111,Usdtb,USDTB,USDtb,['https://coin-images.coingecko.com/coins/images/52804/large/76357aa8-4ef7-446c-bad3-a3f944eeec7a.jpeg?1758277468'],0.999935,482481913,111.0,482481913.0,84291.0,1.0,0.999906,-6.5675113493757e-05,-0.00488,-30103.633173823357,-0.00624,482511648.6961826,482511648.6961826,1000000000.0,1.057,-5.40015,2025-07-17 00:05:52+00:00,0.900502,11.04201,2025-07-17 00:05:52+00:00,2026-09-06T12:27:20.000Z
112,Hash-2,HASH,Provenance Blockchain,['https://coin-images.coingecko.com/coins/images/66154/large/Hastra_Icon.png?1748497203'],0.00811961,467552997,112.0,771211188.0,2317.55,0.00822722,0.00738419,2.116e-05,0.26038,1541145.0,0.33071,57581465978.0,94978475357.64638,100000000000.0,0.060147,-86.50037,2026-08-14 03:44:40+00:00,0.00504616,60.90678,2026-08-14 03:44:40+00:00,2026-09-06T12:27:20.000Z
113,Euro-Coin,EURC,EURC,['https://coin-images.coingecko.com/coins/images/26045/large/EURC.png?1769615705'],1.16,465988078,113.0,465988078.0,11405902.0,1.16,1.16,-5.316024853852e-05,-0.04226,-1529809.1660524607,-0.32722,401493851.9121785,399980050.8921785,1000000000.0,1.35,-14.12364,2022-12-08 19:16:34+00:00,0.052848,2096.9679,2022-12-08 19:16:34+00:00,2026-09-06T12:27:20.000Z
114,Virtual-Protocol,VIRTUAL,Virtuals Protocol,['https://coin-images.coingecko.com/coins/images/34057/large/LOGOMARK.png?1708356054'],0.70062,461406891,114.0,700815330.0,55961041.0,0.699323,0.675478,0.00796082,1.17266,5370190.0,1.17758,658385841.8252224,1000000000.0,1000000000.0,5.07,-86.16745,2024-01-23 12:55:21+00:00,0.00748604,9259.02033,2024-01-23 12:55:21+00:00,2026-09-06T12:27:20.000Z
115,A7A5,A7A5,A7A5,['https://coin-images.coingecko.com/coins/images/66657/large/A7A5_200.png?1750163839'],0.01152207,452032920,115.0,452032920.0,866.34,0.01159252,0.01149295,-7.0073471763845e-05,-0.60282,-2747621.92425704,-0.60416,39231783122.22073,39231783122.22073,1000000000.0,0.229635,-94.98244,2025-08-21 09:38:27+00:00,1.048e-05,109868.72375,2025-08-21 09:38:27+00:00,2026-09-06T12:27:20.000Z
116,Pyth-Network,PYTH,Pyth Network,['https://coin-images.coingecko.com/coins/images/31924/large/pyth.png?1701245725'],0.055677,438561135,116.0,556905773.0,42612867.0,0.057111,0.054384,0.00127101,2.08646,10116402.0,2.36119,7874961195.555194,10000000000.0,10000000000.0,1.2,-95.34617,2026-06-06 05:03:00+00:00,0.02953453,88.51481,2026-06-06 05:03:00+00:00,2026-09-06T12:27:20.000Z
117,Fetch-Ai,FET,Artificial Superintelligence Alliance,['https://coin-images.coingecko.com/coins/images/5681/large/ASI.png?1719827289'],0.171004,395184682,117.0,464036509.0,70754667.0,0.172244,0.163629,0.00330789,1.9107,7533514.0,1.94337,2311635344.366738,2714384546.672,2714384546.672,3.45,-95.04932,2020-03-12 18:24:18+00:00,0.00816959,1993.17251,2020-03-12 18:24:18+00:00,2026-09-06T12:27:20.000Z
118,Layerzero,ZRO,LayerZero,['https://coin-images.coingecko.com/coins/images/28206/large/ftxG9_TJ_400x400.jpeg?1696527208'],1.1,390142556,118.0,1104239572.0,33942829.0,1.11,1.041,0.056423,5.56158,20497049.0,5.54506,353313325.89,1000000000.0,1000000000.0,7.47,-85.24795,2026-07-31 09:25:50+00:00,0.707123,55.93463,2026-07-31 09:25:50+00:00,2026-09-06T12:27:20.000Z
119,Midnight-3,NIGHT,Midnight,['https://coin-images.coingecko.com/coins/images/71015/large/midnight.png?1765193080'],0.02330206,387117800,119.0,559439018.0,8696750.0,0.02373673,0.02181049,0.00154572,7.10247,25801481.0,7.14097,16607399400.634954,24000000000.0,24000000000.0,0.118529,-80.34063,2026-07-20 20:40:30+00:00,0.0152398,52.90271,2026-07-20 20:40:30+00:00,2026-09-06T12:27:20.000Z
120,Celestia,TIA,Celestia,['https://coin-images.coingecko.com/coins/images/31967/large/tia.jpg?1696530772'],0.39932,385384211,120.0,469859484.0,50655310.0,0.404648,0.36235,0.03413735,9.3302,33116925.0,9.40108,965050074.95678,1176586681.744035,1000000000.0,20.85,-98.0849,2026-06-06 05:03:00+00:00,0.279235,43.00474,2026-06-06 05:03:00+00:00,2026-09-06T12:27:20.000Z
121,Falcon-Finance-Ff,FF,Falcon Finance,['https://coin-images.coingecko.com/coins/images/69121/large/ff.png?1757573403'],0.118377,371619884,121.0,1183502816.0,20777767.0,0.12626,0.116151,0.00181443,1.52143,5613510.0,1.53372,3140000000.0,10000000000.0,10000000000.0,0.770814,-84.64261,2026-07-11 06:59:00+00:00,0.057089,107.35414,2026-07-11 06:59:00+00:00,2026-09-06T12:27:20.000Z
122,Pendle,PENDLE,Pendle,['https://coin-images.coingecko.com/coins/images/15069/large/Pendle_Logo_Normal-03.png?1696514728'],2.11,363614751,122.0,594035951.0,67400701.0,2.15,1.92,0.165311,8.6084,28551284.0,8.52116,172325484.70939076,281527448.4585314,1000000000.0,7.5,-71.88272,2022-11-14 12:15:58+00:00,0.03377729,6146.12726,2022-11-14 12:15:58+00:00,2026-09-06T12:27:20.000Z
123,Lido-Dao,LDO,Lido DAO,['https://coin-images.coingecko.com/coins/images/13573/large/Lido_DAO.png?1696513326'],0.412466,343914583,124.0,412292799.0,51216546.0,0.416558,0.37957,0.03040456,7.83888,25217608.0,7.91272,834151322.8543006,1000000000.0,1000000000.0,7.3,-94.352,2026-06-25 13:59:50+00:00,0.235028,75.49666,2026-06-25 13:59:50+00:00,2026-09-06T12:27:20.000Z
124,Kinesis-Gold,KAU,Kinesis Gold,['https://coin-images.coingecko.com/coins/images/29788/large/kau-currency-ticker.png?1696528718'],144.08,343819525,123.0,574613855.0,4698.88,144.9,142.73,0.00149889,0.00273,4706.43,0.00137,2386227.8342,2386227.8342,1000000000.0,206.98,-30.38665,2023-04-21 13:02:50+00:00,44.06,227.05079,2023-04-21 13:02:50+00:00,2026-09-06T12:27:20.000Z
125,Bitcoin-Cash-Sv,BSV,Bitcoin SV,['https://coin-images.coingecko.com/coins/images/6799/large/BSV.png?1696507128'],16.9,339060547,125.0,339062446.0,5271687.0,17.08,16.72,0.088774,0.49006,1602203.0,0.47479,20079768.75,20079893.75,21000000.0,489.75,-96.55024,2026-06-25 13:59:20+00:00,10.49,61.13243,2026-06-25 13:59:20+00:00,2026-09-06T12:27:20.000Z
126,Unibase,UB,Unibase,['https://coin-images.coingecko.com/coins/images/69108/large/unibase.png?1757501820'],0.135408,338158027,126.0,1352632109.0,9414877.0,0.136485,0.130372,0.00282056,1.86803,6688674.0,2.01789,2500000000.0,10000000000.0,10000000000.0,0.243557,-44.40376,2025-09-12 00:06:18+00:00,0.01029884,1214.79233,2025-09-12 00:06:18+00:00,2026-09-06T12:27:20.000Z
127,Ousg,OUSG,Ondo Short-Term U.S. Government Bond Fund,['https://coin-images.coingecko.com/coins/images/29023/large/OUSG.png?1696527993'],116.46,336861617,127.0,336861617.0,5496987.5,116.46,116.46,0.0,0.0,0.0,0.0,2892585.563133128,2892585.563133128,1000000000.0,116.46,0.0,2023-03-22 12:00:17+00:00,95.09,22.46945,2023-03-22 12:00:17+00:00,2026-09-06T12:27:20.000Z
128,First-Digital-Usd,FDUSD,First Digital USD,['https://coin-images.coingecko.com/coins/images/31079/large/FDUSD_icon_black.png?1731097953'],0.998883,334050767,128.0,334050767.0,101342146.0,0.998932,0.998333,0.00014715,0.01739,52851.0,0.01582,334420597.850598,334420597.850598,1000000000.0,1.15,-13.24111,2024-12-05 14:30:51+00:00,0.940377,6.22157,2024-12-05 14:30:51+00:00,2026-09-06T12:27:20.000Z
129,Sei-Network,SEI,Sei,['https://coin-images.coingecko.com/coins/images/28205/large/Sei_Logo_-_Transparent.png?1696527207'],0.04895582,329612584,129.0,489523639.0,35181728.0,0.04916584,0.04737492,0.00085911,1.76202,5761411.0,1.77903,6733333333.0,10000000000.0,1000000000.0,1.14,-95.70457,2026-08-18 03:10:20+00:00,0.03828368,27.87649,2026-08-18 03:10:20+00:00,2026-09-06T12:27:20.000Z
130,Raydium,RAY,Raydium,['https://coin-images.coingecko.com/coins/images/13928/large/PSigc4ie_400x400.jpg?1696513668'],1.22,326115304,133.0,671495190.0,165609099.0,1.2,0.830278,0.385247,43.30175,101328049.0,45.07731,269538779.59716,555000000.0,555000000.0,16.83,-92.7569,2022-12-29 14:15:53+00:00,0.134391,807.21751,2022-12-29 14:15:53+00:00,2026-09-06T12:27:20.000Z
131,Sun-Token,SUN,Sun Token,['https://coin-images.coingecko.com/coins/images/12424/large/RSFOmQ.png?1696512245'],0.0168722,324351487,130.0,335801178.0,14536399.0,0.01691012,0.01660685,0.00028278,1.62366,5466664.0,1.71431,19222181989.37517,19900730000.0,19900730000.0,66.45,-99.97461,2022-11-13 20:45:13+00:00,0.00462303,264.96006,2022-11-13 20:45:13+00:00,2026-09-06T12:27:20.000Z
132,Sofiusd,SOFID,SoFiUSD,['https://coin-images.coingecko.com/coins/images/71688/large/CRY25-3266080_StableCoinLogo.png?1768922282'],0.999566,323853531,131.0,323853531.0,1182607.0,0.999965,0.99887,-0.000335722603949762,-0.03248,-109896.6599508524,-0.03392,323995309.6,323995309.6,1000000000.0,1.002,-0.20925,2026-08-04 13:24:30+00:00,0.991073,0.85697,2026-08-04 13:24:30+00:00,2026-09-06T12:27:20.000Z
133,Apxusd,APXUSD,apxUSD,['https://coin-images.coingecko.com/coins/images/102172243/large/apxUSD.png?1772448502'],0.969199,319721791,132.0,319721791.0,2739962.0,0.971408,0.956927,-0.000319680712007386,-0.03129,-97266.03239536285,-0.03041,329882651.9529336,329882651.9529336,1000000000.0,1.012,-4.20799,2026-06-26 09:41:20+00:00,0.717601,35.06103,2026-06-26 09:41:20+00:00,2026-09-06T12:27:20.000Z
134,Akedo,AKE,Akedo,['https://coin-images.coingecko.com/coins/images/68410/large/akedo.png?1755678461'],0.01394567,318271593,134.0,1396157669.0,52252191.0,0.02122189,0.01339745,-0.005248555171631324,-27.17332,-119284834.88861382,-27.26159,22796250000.0,100000000000.0,100000000000.0,0.0363756,-61.66201,2026-07-10 12:36:10+00:00,0.00017407,7911.35436,2026-07-10 12:36:10+00:00,2026-09-06T12:27:20.000Z
135,Monad,MON,Monad,['https://coin-images.coingecko.com/coins/images/38927/large/mon.png?1766029057'],0.02673914,316397655,135.0,2693902482.0,63009823.0,0.02734013,0.02474039,0.00185794,7.54727,22173276.0,7.53618,11825165000.0,100682925000.0,1000000000.0,0.04882901,-45.23922,2026-02-05 16:35:18+00:00,0.01636691,63.37315,2026-02-05 16:35:18+00:00,2026-09-06T12:27:20.000Z
136,Gnosis,GNO,Gnosis,['https://coin-images.coingecko.com/coins/images/662/large/logo_square_simple_300px.png?1696501854'],118.1,312077390,136.0,354688617.0,916068.0,118.99,117.26,0.299029,0.40153,1128516.0,0.36293,2639589.0,3000000.0,3000000.0,644.2,-81.66707,2020-03-12 18:24:11+00:00,6.88,1615.56408,2020-03-12 18:24:11+00:00,2026-09-06T12:27:20.000Z
137,Olympus,OHM,Olympus,['https://coin-images.coingecko.com/coins/images/14483/large/token_OHM_%281%29.png?1696514169'],20.31,303161956,137.0,402587083.0,139507.0,20.44,20.19,0.115211,0.58057,1686512.0,0.55942,14928600.42034955,19824590.67863754,1000000000.0,1415.26,-98.56511,2022-11-26 08:36:26+00:00,7.54,169.2013,2022-11-26 08:36:26+00:00,2026-09-06T12:27:20.000Z
138,Kite-2,KITE,Kite,['https://coin-images.coingecko.com/coins/images/70426/large/KITE-ICON.png?1762328605'],0.126488,302424867,138.0,1264743105.0,11191917.0,0.130787,0.125041,-0.003553589150374431,-2.73071,-8529483.758441508,-2.743,2391196012.0,10000000000.0,10000000000.0,0.319747,-60.44132,2025-11-04 00:21:02+00:00,0.061819,104.60883,2025-11-04 00:21:02+00:00,2026-09-06T12:27:20.000Z
139,Onyc,ONYC,OnRe Tokenized Reinsurance,['https://coin-images.coingecko.com/coins/images/67072/large/3D_ONYC.png?1779524172'],1.14,298680282,139.0,298680282.0,7744785.0,1.14,1.14,-0.001210533976523376,-0.12423,-146484.63766598701,-0.04902,261806672.993256,261806672.993256,1000000000.0,1.17,-2.16694,2025-07-24 06:15:46+00:00,1.005,13.53936,2025-07-24 06:15:46+00:00,2026-09-06T12:27:20.000Z
140,Bittorrent,BTT,BitTorrent,['https://coin-images.coingecko.com/coins/images/22457/large/btt_logo.png?1696521780'],3.00572e-07,296556347,140.0,297446316.0,5552891.0,3.01664e-07,2.97361e-07,2.272e-09,0.73659,2122901.0,0.72101,987037885840674.8,990000000000000.0,990000000000000.0,3.43e-06,-91.24038,2026-08-15 13:30:30+00:00,2.55018e-07,17.86297,2026-08-15 13:30:30+00:00,2026-09-06T12:27:20.000Z
141,Decred,DCR,Decred,['https://coin-images.coingecko.com/coins/images/329/large/dcr.png?1762890696'],16.59,292210593,141.0,292226323.0,6874428.0,17.41,15.51,-0.49656091152172266,-2.61313,-8357367.963501632,-2.78053,17590791.23427437,17591774.23015651,21000000.0,247.35,-93.29258,2016-12-25 16:00:00+00:00,0.43154,3744.57598,2016-12-25 16:00:00+00:00,2026-09-06T12:27:20.000Z
142,Bonk,BONK,Bonk,['https://coin-images.coingecko.com/coins/images/28600/large/bonk.jpg?1696527587'],3.3e-06,290180721,142.0,290180721.0,49611512.0,3.4e-06,3.21e-06,3.4936e-08,0.99089,3232718.0,1.12659,87994534221213.28,87994534221213.28,87995282867000.55,5.825e-05,-94.3418,2022-12-29 14:48:46+00:00,8.6142e-08,3726.11869,2022-12-29 14:48:46+00:00,2026-09-06T12:27:20.000Z
143,Terra-Luna,LUNC,Terra Luna Classic,['https://coin-images.coingecko.com/coins/images/8284/large/01_LunaClassic_color.png?1696508486'],5.24e-05,289680328,143.0,337920961.0,7831603.0,5.289e-05,5.202e-05,-7.7272737825e-08,-0.14068,-294226.181229651,-0.10147,5529511782216.708,6450343852839.79,1000000000.0,119.18,-99.99996,2022-05-12 18:34:40+00:00,9.99967e-07,5139.81508,2022-05-12 18:34:40+00:00,2026-09-06T12:27:20.000Z
144,Usdai,USDAI,USDai,['https://coin-images.coingecko.com/coins/images/55857/large/USDai_Token_Full_Glyph.png?1755229050'],1.0,282985704,144.0,283042712.0,938406.0,1.001,1.0,-0.000275315682661814,-0.02592,2011942.0,0.71606,282935939.9278576,282935939.9278576,1000000000.0,1.19,-15.80307,2025-09-26 12:45:27+00:00,0.769779,29.92989,2025-09-26 12:45:27+00:00,2026-09-06T12:27:20.000Z
145,Pieverse,PIEVERSE,Pieverse,['https://coin-images.coingecko.com/coins/images/68773/large/pieverse.png?1756546685'],1.015,278935726,145.0,1015234670.0,1682184.0,1.049,1.011,-0.03186632635575881,-3.02904,-8780362.062456846,-3.05175,274750000.0,1000000000.0,1000000000.0,1.67,-39.06705,2025-11-14 13:01:21+00:00,0.119363,750.61929,2025-11-14 13:01:21+00:00,2026-09-06T12:27:20.000Z
146,Tezos,XTZ,Tezos,['https://coin-images.coingecko.com/coins/images/976/large/Tezos-logo.png?1696502091'],0.239423,262488141,146.0,267275716.0,9352507.0,0.24014,0.232969,0.00603508,2.5276,6848699.0,2.67905,1095431135.147781,1115411658.759802,1000000000.0,9.12,-97.37362,2026-08-12 22:02:10+00:00,0.191836,24.80587,2026-08-12 22:02:10+00:00,2026-09-06T12:27:20.000Z
147,Conflux-Token,CFX,Conflux,['https://coin-images.coingecko.com/coins/images/13079/large/3vuYMbjN.png?1696512867'],0.050031,261980590,147.0,261988930.0,4903934.0,0.050372,0.04751243,0.0024365,5.17422,12732840.0,5.10851,5237257368.13,5237433360.14,1000000000.0,1.7,-97.05845,2022-12-30 00:16:30+00:00,0.02199898,127.42509,2022-12-30 00:16:30+00:00,2026-09-06T12:27:20.000Z
148,Agora-Dollar,AUSD,AUSD,['https://coin-images.coingecko.com/coins/images/39284/large/AUSD_1024px.png?1764684132'],0.999875,260046909,148.0,260046909.0,1501629.0,1.0,0.999687,-0.00021307446088481,-0.02006,-1504777.2490843534,-0.57533,260078542.080885,260078542.080885,1000000000.0,1.022,-2.13103,2024-12-05 14:30:43+00:00,0.950515,5.19295,2024-12-05 14:30:43+00:00,2026-09-06T12:27:20.000Z
149,Ethereum-Name-Service,ENS,Ethereum Name Service,['https://coin-images.coingecko.com/coins/images/19785/large/ENS.jpg?1727872989'],6.1,256808158,149.0,610355506.0,17407844.0,6.24,5.79,0.297117,5.12399,12647286.0,5.1799,42075176.731430925,100000000.0,100000000.0,83.4,-92.68612,2026-08-18 02:57:10+00:00,3.77,61.65329,2026-08-18 02:57:10+00:00,2026-09-06T12:27:20.000Z
150,Plasma,XPL,Plasma,['https://coin-images.coingecko.com/coins/images/66489/large/Plasma-symbol-green-1.png?1755142558'],0.09179,255107684,150.0,918387663.0,46705252.0,0.095301,0.0911,-0.002674361899037095,-2.82233,-7294467.679447919,-2.77988,2777777777.7778,10000000000.0,1000000000.0,1.68,-94.54479,2026-06-10 22:12:40+00:00,0.060147,52.60901,2026-06-10 22:12:40+00:00,2026-09-06T12:27:20.000Z
151,Trust-Wallet-Token,TWT,Trust Wallet,['https://coin-images.coingecko.com/coins/images/11085/large/Trust.png?1696511026'],0.609603,254039338,151.0,609718947.0,18710448.0,0.646521,0.609185,-0.037089264284593915,-5.73002,-15404969.870453298,-5.71731,416649900.0,1000000000.0,1000000000.0,2.72,-77.59561,2020-06-09 01:15:06+00:00,0.00277641,21856.5136,2020-06-09 01:15:06+00:00,2026-09-06T12:27:20.000Z
152,Reallink,REAL,RealLink,['https://coin-images.coingecko.com/coins/images/20665/large/TGBfBt6Y2Dm3RHdNpZAdqywBsvfdysf834.jpeg?1749135788'],0.074347,252330334,152.0,252330334.0,5488439.0,0.075072,0.073784,0.00055359,0.73998,1945973.0,0.77719,3394326475.0,3394326475.0,1000000000.0,0.99069,-92.49548,2023-05-09 06:26:07+00:00,0.00023002,32221.42569,2023-05-09 06:26:07+00:00,2026-09-06T12:27:20.000Z
153,Syrup,SYRUP,Maple Finance,['https://coin-images.coingecko.com/coins/images/51232/large/_syrup_token_logo.png?1747292046'],0.216108,252241299,154.0,268968225.0,7576634.0,0.218342,0.211205,0.00366585,1.73222,4263783.0,1.71942,1167271959.1810675,1244677492.511099,1000000000.0,0.653229,-66.91701,2025-04-06 23:46:35+00:00,0.085229,153.56061,2025-04-06 23:46:35+00:00,2026-09-06T12:27:20.000Z
154,Re-Protocol-Reusd,REUSD,Re Protocol reUSD,['https://coin-images.coingecko.com/coins/images/66291/large/Points_Program_Group_91.png?1749676055'],1.099,252173636,153.0,252173636.0,3010979.0,1.099,1.098,0.00023909,0.02344,1180568.0,0.47036,229413206.5306248,229413206.5306248,1000000000.0,1.1,-0.36131,2025-07-17 00:04:08+00:00,0.873393,25.85489,2025-07-17 00:04:08+00:00,2026-09-06T12:27:20.000Z
155,Crvusd,CRVUSD,crvUSD,['https://coin-images.coingecko.com/coins/images/30118/large/crvusd.jpg?1746670973'],1.001,249734216,155.0,249735204.0,5129233.0,1.002,0.999344,0.00149163,0.01056,965437.0,0.38809,249768201.1823213,249803767.2823214,1000000000.0,1.11,-9.47773,2023-08-07 22:24:06+00:00,0.949016,5.51307,2023-08-07 22:24:06+00:00,2026-09-06T12:27:20.000Z
156,Optimism,OP,Optimism,['https://coin-images.coingecko.com/coins/images/25244/large/Token.png?1774456081'],0.109153,249628724,156.0,468596865.0,137591770.0,0.113983,0.099862,0.00804403,7.75429,18291164.0,7.9067,2287994831.0,4294967296.0,4294967296.0,4.84,-97.74677,2026-08-18 03:31:10+00:00,0.080689,35.2769,2026-08-18 03:31:10+00:00,2026-09-06T12:27:20.000Z
157,Ribbita-By-Virtuals,TIBBIR,Ribbita by Virtuals,['https://coin-images.coingecko.com/coins/images/54970/large/Untitled_design.png?1742941268'],0.245645,245595161,157.0,245595161.0,3019482.0,0.250099,0.239068,0.00109209,0.40507,1065097.0,0.43557,999904783.4343679,999904783.4343679,1000000000.0,0.440027,-44.17493,2025-04-06 23:41:29+00:00,0.01032004,2280.27534,2025-04-06 23:41:29+00:00,2026-09-06T12:27:20.000Z
158,Kinesis-Silver,KAG,Kinesis Silver,['https://coin-images.coingecko.com/coins/images/29789/large/kag-currency-ticker.png?1696528719'],65.76,244741809,158.0,241607468.0,33519.0,67.87,65.68,-0.5038954357542735,-0.75879,-1874646.35483706,-0.76015,3721963.8196,3777096.9336,1000000000.0,130.0,-49.41856,2024-02-11 06:01:27+00:00,4.36,1407.09736,2024-02-11 06:01:27+00:00,2026-09-06T12:27:20.000Z
159,Ape-And-Pepe,APEPE,Ape and Pepe,['https://coin-images.coingecko.com/coins/images/39614/large/APEPE_200.png?1723142351'],1.15e-06,242278827,159.0,242278827.0,9392738.0,1.15e-06,1.12e-06,2.8366e-08,2.51105,5928491.0,2.50835,210000000000000.0,210000000000000.0,210000000000000.0,6.89e-06,-83.24872,2025-09-17 05:43:50+00:00,6.54916e-07,76.18206,2025-09-17 05:43:50+00:00,2026-09-06T12:27:20.000Z
160,Apenft,NFT,AINFT,['https://coin-images.coingecko.com/coins/images/15687/large/AINFT.png?1761099340'],2.41606e-07,239312017,160.0,239312017.0,6178734.0,2.44557e-07,2.3969e-07,6.43216e-10,-0.02246,733059.0,0.30726,990105592982874.8,990105592982874.8,999990000000000.0,7.53e-06,-96.79143,2026-09-03 13:07:40+00:00,2.37645e-07,1.66692,2026-09-03 13:07:40+00:00,2026-09-06T12:27:20.000Z
161,Usx,USX,USX,['https://coin-images.coingecko.com/coins/images/68429/large/Solstice_Icons_for_DEX_512x512_USX.png?1755718377'],0.999453,237904196,161.0,237904196.0,2039016.0,0.999895,0.999376,-0.000239044180507242,-0.0219,-57161.36113780737,-0.02402,238034754.688589,238034754.688589,1000000000.0,1.21,-17.39155,2025-12-25 20:30:55+00:00,0.828472,20.63808,2025-12-25 20:30:55+00:00,2026-09-06T12:27:20.000Z
162,Jito-Governance-Token,JTO,Jito,['https://coin-images.coingecko.com/coins/images/33228/large/jto.png?1701137022'],0.452498,234623344,162.0,452746742.0,41775920.0,0.459975,0.415181,0.03270571,7.80615,17232362.0,7.9269,518222048.4,1000000000.0,1000000000.0,6.01,-92.47536,2026-02-05 16:30:39+00:00,0.218137,107.43763,2026-02-05 16:30:39+00:00,2026-09-06T12:27:20.000Z
163,Grass,GRASS,Grass,['https://coin-images.coingecko.com/coins/images/40094/large/Grass.jpg?1725697048'],0.344761,233347793,163.0,344667677.0,16964815.0,0.348696,0.335841,-0.002959114443176258,-0.94829,-2066692.8059756756,-0.8779,677022560.0,1000000000.0,1000000000.0,3.89,-91.14237,2026-02-05 16:21:51+00:00,0.166785,106.70961,2026-02-05 16:21:51+00:00,2026-09-06T12:27:20.000Z
164,Bnb48-Club-Token,KOGE,KOGE,['https://coin-images.coingecko.com/coins/images/13827/large/bnb48.png?1696513570'],68.69,232176214,164.0,232176214.0,52003.0,68.95,66.96,1.6,2.39943,5406434.0,2.38411,3379997.6,3379997.6,3379997.0,141.45,-51.43684,2021-02-01 07:55:03+00:00,1.19,5665.72199,2021-02-01 07:55:03+00:00,2026-09-06T12:27:20.000Z
165,Cash-Cat,CASHCAT,Cash Cat,['https://coin-images.coingecko.com/coins/images/102174280/large/cashcat-logo.jpg?1782922765'],0.232987,230112084,165.0,230112084.0,32982243.0,0.277355,0.221729,-0.018223565243813633,-7.25925,-18155666.290509015,-7.31294,988287275.6543044,988287275.6543044,1000000000.0,0.314297,-25.8706,2026-07-01 18:44:30+00:00,0.00160429,14422.68735,2026-07-01 18:44:30+00:00,2026-09-06T12:27:20.000Z
166,Edgex,EDGE,edgeX,['https://coin-images.coingecko.com/coins/images/102172616/large/edgex.png?1774332310'],0.65615,229555057,166.0,655871591.0,8375048.0,0.665331,0.610809,0.02331333,3.75866,8062070.0,3.63988,350000000.0,1000000000.0,1000000000.0,1.54,-57.44979,2026-07-05 09:44:00+00:00,0.23746,176.32083,2026-07-05 09:44:00+00:00,2026-09-06T12:27:20.000Z
167,Useless-3,USELESS,Useless Coin,['https://coin-images.coingecko.com/coins/images/55684/large/coingeckoupdate.png?1755203747'],0.224076,224466557,167.0,224466557.0,147967180.0,0.309242,0.208412,-0.012329623329228129,-4.85326,-11924669.832561642,-5.04446,999940362.02,999940362.02,1000000000.0,0.434591,-48.43988,2025-06-05 03:05:59+00:00,0.00519952,4209.54326,2025-06-05 03:05:59+00:00,2026-09-06T12:27:20.000Z
168,Starknet,STRK,Starknet,['https://coin-images.coingecko.com/coins/images/26433/large/starknet.png?1696525507'],0.03081251,221336493,168.0,308202785.0,47674572.0,0.03209727,0.02828506,0.00181251,6.23585,13072356.0,6.27682,7181521515.171522,10000000000.0,10000000000.0,4.41,-99.30188,2026-08-18 03:13:20+00:00,0.02221422,38.70626,2026-08-18 03:13:20+00:00,2026-09-06T12:27:20.000Z
169,Convex-Finance,CVX,Convex Finance,['https://coin-images.coingecko.com/coins/images/15585/large/convex.png?1696515221'],2.34,217892829,169.0,233778834.0,6079232.0,2.4,2.23,0.093068,4.09146,8688544.0,4.15314,93194518.49512771,99989092.74080354,100000000.0,60.09,-96.10909,2026-07-01 01:13:40+00:00,1.038,125.28692,2026-07-01 01:13:40+00:00,2026-09-06T12:27:20.000Z
170,Frax,FRAX,Legacy Frax Dollar,['https://coin-images.coingecko.com/coins/images/13422/large/LFRAX.png?1751911193'],0.991572,217423568,170.0,217423568.0,117634.0,0.995597,0.987736,-0.000132396475160057,-0.0198,-76990.77814272046,-0.0354,219320045.8726003,219320045.8726003,1000000000.0,1.66,-40.38195,2026-06-24 07:27:10+00:00,0.249813,296.92598,2026-06-24 07:27:10+00:00,2026-09-06T12:27:20.000Z
171,The-Graph,GRT,The Graph,['https://coin-images.coingecko.com/coins/images/13397/large/Graph_Token.png?1696513159'],0.01976831,216602214,171.0,229899174.0,63023779.0,0.02111359,0.01739944,0.0022732,12.72924,25182662.0,13.15574,10941320353.043917,11612995353.0437,1000000000.0,2.84,-99.3043,2026-08-18 03:16:20+00:00,0.01297915,52.30818,2026-08-18 03:16:20+00:00,2026-09-06T12:27:20.000Z
172,Dogwifcoin,WIF,dogwifhat,['https://coin-images.coingecko.com/coins/images/33566/large/dogwifhat.jpg?1702499428'],0.214622,214387380,172.0,214387380.0,54918433.0,0.218268,0.209058,0.00232373,0.93481,2317114.0,1.09262,998926392.0,998926392.0,998926392.0,4.83,-95.5523,2023-12-12 23:13:50+00:00,0.00155464,13705.2672,2023-12-12 23:13:50+00:00,2026-09-06T12:27:20.000Z
173,Jasmycoin,JASMY,JasmyCoin,['https://coin-images.coingecko.com/coins/images/13876/large/JASMY200x200.jpg?1696513620'],0.00429468,212372041,173.0,214755832.0,15064430.0,0.00440491,0.00428275,-5.0123151484e-05,-1.24595,-2456626.1368584037,-1.14353,49444999677.59027,50000000000.0,50000000000.0,4.79,-99.91034,2022-12-29 12:41:09+00:00,0.00275026,56.15508,2022-12-29 12:41:09+00:00,2026-09-06T12:27:20.000Z
174,Compound-Governance-Token,COMP,Compound,['https://coin-images.coingecko.com/coins/images/10775/large/COMP.png?1696510737'],21.04,210220113,174.0,210220113.0,25353048.0,21.08,19.94,1.011,4.94817,9932678.0,4.95921,10000000.0,10000000.0,10000000.0,854.45,-97.53763,2026-06-25 13:59:30+00:00,14.86,41.63169,2026-06-25 13:59:30+00:00,2026-09-06T12:27:20.000Z
175,Artificial-Inu-3,AI,Artificial Inu,['https://coin-images.coingecko.com/coins/images/102176647/large/5ou9sb7h478ezv28urbjpzf1fl3e.?1788401429'],0.204496,202683851,175.0,202683231.0,39069789.0,0.317679,0.187223,-0.030086555437256746,-12.32605,-29897194.37343681,-12.85453,991434299.052898,991432220.5887316,1000000000.0,0.317679,-35.62791,2026-07-20 13:37:00+00:00,0.00105288,19322.61151,2026-07-20 13:37:00+00:00,2026-09-06T12:27:20.000Z
176,Tradable-Na-Rent-Financing-Platform-Sstn,PC0000031,Tradable NA Rent Financing Platform SSTN,['https://coin-images.coingecko.com/coins/images/66150/large/tradable.jpg?1748488921'],1.0,202500000,176.0,202500000.0,5496987.5,1.0,1.0,0.0,0.0,0.0,0.0,202500000.0,202500000.0,400000000.0,189500000.0,-100.0,2026-07-23 07:25:00+00:00,1.0,0.0,2026-07-23 07:25:00+00:00,2026-09-06T12:27:20.000Z
177,Marscoin-4,MARSCOIN,MarsCoin,['https://coin-images.coingecko.com/coins/images/102175246/large/1000299474.png?1785934648'],0.199253,199206038,177.0,199206038.0,144481154.0,0.263444,0.191715,-0.043626312291389635,-18.01753,-43672805.56902924,-17.98131,1000000000.0,1000000000.0,1000000000.0,0.263444,-24.36637,2026-08-21 08:33:50+00:00,0.02333067,754.03691,2026-08-21 08:33:50+00:00,2026-09-06T12:27:20.000Z
178,Kaia,KAIA,Kaia,['https://coin-images.coingecko.com/coins/images/39901/large/KAIA.png?1724734368'],0.03102345,198827751,178.0,198842762.0,3606925.0,0.03166656,0.03069977,0.00016752,0.5254,994889.0,0.50289,6412061160.003716,6412527625.924499,1000000000.0,0.406698,-92.37187,2026-08-19 01:04:10+00:00,0.02166246,43.21294,2026-08-19 01:04:10+00:00,2026-09-06T12:27:20.000Z
179,Iota,IOTA,IOTA,['https://coin-images.coingecko.com/coins/images/692/large/IOTA_Thumbnail_%281%29.png?1743772896'],0.04278893,198078575,179.0,212901335.0,15100208.0,0.04273783,0.03971583,0.0031014,7.69066,14410924.0,7.8462,4628609960.0,4974981468.0,1000000000.0,5.25,-99.18478,2026-07-31 14:11:00+00:00,0.03112513,37.47388,2026-07-31 14:11:00+00:00,2026-09-06T12:27:20.000Z
180,Arweave,AR,Arweave,['https://coin-images.coingecko.com/coins/images/4343/large/oRt6SiEN_400x400.jpg?1696504946'],2.98,195515103,180.0,195515103.0,27793791.0,3.16,2.85,0.121042,4.31734,8063870.0,4.30185,65652466.0,65652466.0,66000000.0,89.24,-96.66471,2020-01-30 22:47:36+00:00,0.298788,896.10803,2020-01-30 22:47:36+00:00,2026-09-06T12:27:20.000Z
181,Eigenlayer,EIGEN,EigenCloud (prev. EigenLayer),['https://coin-images.coingecko.com/coins/images/37441/large/eigencloud.jpg?1751003565'],0.210622,193945526,181.0,387676745.0,23400676.0,0.213169,0.20012,0.00976613,4.80526,9043524.0,4.89098,920571741.8530836,1840126261.794892,1000000000.0,5.65,-96.26937,2026-04-05 13:28:00+00:00,0.148314,42.01107,2026-04-05 13:28:00+00:00,2026-09-06T12:27:20.000Z
182,Zebec-Network,ZBCN,Zebec Network,['https://coin-images.coingecko.com/coins/images/37052/large/zbcn.jpeg?1713168241'],0.00189028,189003342,182.0,189003342.0,8052950.0,0.00191587,0.0018066,-1.1742315500119e-05,-1.23356,-1196619.1383278668,-0.62914,99998774098.90022,99998774098.90022,100000000000.0,0.00700261,-73.00605,2024-08-05 05:31:51+00:00,0.00069854,170.60449,2024-08-05 05:31:51+00:00,2026-09-06T12:27:20.000Z
183,Societe-Generale-Forge-Eurcv,EURCV,EUR CoinVertible,['https://coin-images.coingecko.com/coins/images/33415/large/eurcv_%281%29.png?1701752017'],1.16,187218400,183.0,187218400.0,9463342.0,1.16,1.16,0.000169,0.01102,26734.0,0.01428,161288989.91,161288989.91,1000000000.0,1.22,-4.71649,2025-02-04 14:15:33+00:00,0.988513,17.42554,2025-02-04 14:15:33+00:00,2026-09-06T12:27:20.000Z
184,Apyusd,APYUSD,apyUSD,['https://coin-images.coingecko.com/coins/images/102172527/large/apyUSD.png?1773763322'],1.37,186737399,184.0,186737399.0,1072454.0,1.37,1.35,0.00187229,0.13927,521444.0,0.28002,136533666.6300111,136533666.6300111,1000000000.0,4799.87,-99.97151,2026-06-26 13:36:00+00:00,0.97356,40.48564,2026-06-26 13:36:00+00:00,2026-09-06T12:27:20.000Z
185,Usa,USAT,USAT,['https://coin-images.coingecko.com/coins/images/71792/large/usat_logo_200x200.png?1769440161'],0.999451,184211740,186.0,184211740.0,295728.0,0.999779,0.998702,-0.00037836135594449,-0.03782,-74434.86776021123,-0.04039,184317598.5,184317598.5,1000000000.0,1.002,-0.29628,2026-03-08 05:50:20+00:00,0.99608,0.33843,2026-03-08 05:50:20+00:00,2026-09-06T12:27:20.000Z
186,Swissborg,BORG,SwissBorg,['https://coin-images.coingecko.com/coins/images/2117/large/YJUrRy7r_400x400.png?1696503083'],0.187711,184211598,185.0,184211598.0,167014.0,0.189088,0.182761,0.00542424,2.53023,5323701.0,2.976,981352443.442,981352443.442,1000000000.0,1.64,-88.55334,2019-07-27 16:00:00+00:00,0.00502687,3634.15753,2019-07-27 16:00:00+00:00,2026-09-06T12:27:20.000Z
187,Fartcoin,FARTCOIN,Fartcoin,['https://coin-images.coingecko.com/coins/images/50891/large/fart.jpg?1729503972'],0.183595,183496654,187.0,183496654.0,37790390.0,0.186099,0.166119,0.01828676,10.91894,18192691.0,11.0056,999974443.208197,999974443.208197,1000000000.0,2.48,-92.59361,2024-10-29 23:56:04+00:00,0.02002855,816.66634,2024-10-29 23:56:04+00:00,2026-09-06T12:27:20.000Z
188,Theta-Token,THETA,Theta Network,['https://coin-images.coingecko.com/coins/images/2538/large/theta-token-logo.png?1696503349'],0.182592,182548457,188.0,182548457.0,2532868.0,0.185183,0.177007,0.00596141,3.22979,5917894.0,3.35044,1000000000.0,1000000000.0,1000000000.0,15.72,-98.83845,2020-03-12 18:24:16+00:00,0.04039979,351.96263,2020-03-12 18:24:16+00:00,2026-09-06T12:27:20.000Z
189,Doublezero,2Z,DoubleZero,['https://coin-images.coingecko.com/coins/images/68339/large/Coingecko_-_PFP.png?1755694420'],0.052259,181274598,189.0,522379330.0,1803209.0,0.052765,0.051155,-0.000348702382779009,-0.46313,-1247726.7946130633,-0.6836,3469509677.4,9998092177.4,10000000000.0,0.893679,-94.15239,2026-08-19 02:41:10+00:00,0.0462912,12.89149,2026-08-19 02:41:10+00:00,2026-09-06T12:27:20.000Z
190,Build-On,B,BUILDon,['https://coin-images.coingecko.com/coins/images/55974/large/T7asvmCb_400x400.jpg?1747902862'],0.181157,181173051,190.0,181173051.0,11610300.0,0.183293,0.166825,-8.4766189704072e-05,0.09195,-68735.41179296374,-0.03792,1000000000.0,1000000000.0,1000000000.0,0.762588,-76.24443,2025-10-10 13:31:21+00:00,0.082973,118.33254,2025-10-10 13:31:21+00:00,2026-09-06T12:27:20.000Z
191,Ultima,ULTIMA,Ultima,['https://coin-images.coingecko.com/coins/images/31844/large/ULTIMA-200x200.png?1763090865'],2121.26,179692252,191.0,212131384.0,5505536.0,2162.06,2107.69,-12.260488392173556,-0.64989,-1034411.1674549282,-0.57236,84708.0,100000.0,100000.0,22851.0,-90.71682,2026-06-30 22:05:00+00:00,1734.24,22.31665,2026-06-30 22:05:00+00:00,2026-09-06T12:27:20.000Z
192,Coco-2,COCO,coco,['https://coin-images.coingecko.com/coins/images/71124/large/%E6%9C%AA%E5%91%BD%E5%90%8D%E7%9A%84%E8%AE%BE%E8%AE%A1_%2821%29.png?1765893957'],0.17173,171732398,192.0,171732398.0,50622.0,0.174069,0.171712,0.00014462,0.15609,147122.0,0.08574,1000000000.0,1000000000.0,1000000000.0,0.35491,-51.61305,2026-03-26 09:32:00+00:00,0.00180419,9418.40443,2026-03-26 09:32:00+00:00,2026-09-06T12:27:20.000Z
193,Spiko-Us-T-Bills-Money-Market-Fund,USTBL,Spiko US T-Bills Money Market Fund,['https://coin-images.coingecko.com/coins/images/39666/large/USTB.png?1723541269'],1.095,170292560,193.0,170292560.0,5496987.5,1.095,1.095,0.0,0.0,0.0,0.0,155513064.5576,155513064.5576,1000000000.0,1.095,0.0,2024-08-19 23:05:13+00:00,1.013,8.13931,2024-08-19 23:05:13+00:00,2026-09-06T12:27:20.000Z
194,Telcoin,TEL,Telcoin,['https://coin-images.coingecko.com/coins/images/1899/large/tel.png?1696502892'],0.00171622,169318090,194.0,171598785.0,690679.0,0.0017365,0.00169749,1.693e-05,1.00115,1647865.0,0.9828,98670914241.98,100000000000.0,100000000000.0,0.064483,-97.33848,2020-03-12 18:24:47+00:00,6.474e-05,2551.09718,2020-03-12 18:24:47+00:00,2026-09-06T12:27:20.000Z
195,Axie-Infinity,AXS,Axie Infinity,['https://coin-images.coingecko.com/coins/images/13029/large/axie_infinity_logo.png?1696512817'],0.961563,167719578,195.0,259618335.0,20367643.0,0.965533,0.944611,0.01148872,1.21435,2001574.0,1.20782,174426379.00134403,270000000.0,270000000.0,164.9,-99.41687,2020-11-06 00:05:43+00:00,0.123718,677.22081,2020-11-06 00:05:43+00:00,2026-09-06T12:27:20.000Z
196,Akash-Network,AKT,Akash Network,['https://coin-images.coingecko.com/coins/images/12785/large/akash-logo.png?1696512580'],0.560026,166404035,197.0,166416265.0,5003279.0,0.562179,0.526966,0.03489135,6.46539,10171271.0,6.51033,297521759.024618,297544680.851914,388539008.0,8.07,-93.06467,2022-11-21 12:30:53+00:00,0.164994,239.42235,2022-11-21 12:30:53+00:00,2026-09-06T12:27:20.000Z
197,Derive,DRV,Derive,['https://coin-images.coingecko.com/coins/images/52889/large/Token_Logo.png?1734601695'],0.166302,166259163,196.0,249461193.0,12696117.0,0.186562,0.164852,-0.02049622472560017,-10.94825,-20485048.511824846,-10.96958,999709582.7443371,1500000000.0,1500000000.0,0.228265,-27.14505,2025-04-07 05:31:06+00:00,0.01243699,1237.158,2025-04-07 05:31:06+00:00,2026-09-06T12:27:20.000Z
198,Safo,SAFO,Spiko Amundi Overnight Swap Fund,['https://coin-images.coingecko.com/coins/images/102172590/large/Fund_usdSAFO.png?1774104804'],1.02,164026482,198.0,164026482.0,5496987.5,1.02,1.02,0.0,0.0,0.0,0.0,160822889.69366,160822889.69366,1000000000.0,1.02,0.0,2026-07-23 04:25:10+00:00,1.015,0.5184,2026-07-23 04:25:10+00:00,2026-09-06T12:27:20.000Z
199,Chain-2,XCN,Onyxcoin,['https://coin-images.coingecko.com/coins/images/24210/large/onyxlogo.jpg?1696523397'],0.00416976,163896967,199.0,222609397.0,13197837.0,0.00446024,0.00408902,-5.2512447530653e-05,-1.29332,-2108659.343096137,-1.27023,39317725210.38741,53402422627.324425,68892071756.9,0.184139,-97.73554,2023-10-11 12:12:02+00:00,0.0007055,491.0347,2023-10-11 12:12:02+00:00,2026-09-06T12:27:20.000Z
200,Non-Playable-Coin,NPC,Non-Playable Coin,['https://coin-images.coingecko.com/coins/images/31193/large/NPC_200x200.png?1696530021'],0.02019236,162527109,200.0,162527109.0,5373888.0,0.02142221,0.02010118,-0.000821609727500363,-3.9239,-6638033.145036519,-3.924,8050126520.0,8050126520.0,8050126520.0,0.066169,-69.48373,2023-08-13 04:00:49+00:00,4.561e-05,44169.58488,2023-08-13 04:00:49+00:00,2026-09-06T12:27:20.000Z
201,Tradable-Apac-Diversified-Finance-Provider-Sstn,PC0000033,Tradable APAC Diversified Finance Provider SSTN,['https://coin-images.coingecko.com/coins/images/66798/large/tradable.jpg?1750576460'],1.0,162500000,201.0,162500000.0,5496987.5,1.0,1.0,0.0,0.0,0.0,0.0,162500000.0,162500000.0,300000000.0,1.0,0.0,2026-07-23 07:25:00+00:00,1.0,0.0,2026-07-23 07:25:00+00:00,2026-09-06T12:27:20.000Z
202,Thorchain,RUNE,THORChain,['https://coin-images.coingecko.com/coins/images/6595/large/THORChain_RUNE_Token.png?1782452363'],0.490346,161166868,202.0,173577073.0,21345834.0,0.492351,0.481313,0.01038694,2.1641,3412078.0,2.1629,328683213.0,353992702.0,353992702.0,20.87,-97.6502,2019-09-27 16:00:00+00:00,0.00851264,5660.206,2019-09-27 16:00:00+00:00,2026-09-06T12:27:20.000Z
203,Mx-Token,MX,MX,['https://coin-images.coingecko.com/coins/images/8545/large/mexc.jpg?1747142259'],1.73,159171949,203.0,708919536.0,4286287.0,1.77,1.73,-0.026719428768068765,-1.4798,-2411635.7786699533,-1.4925,91837334.0,409024834.0,1000000000.0,5.85,-70.40398,2019-11-24 21:59:45+00:00,0.04218457,4007.50839,2019-11-24 21:59:45+00:00,2026-09-06T12:27:20.000Z
204,Safecoin,SAFE,SAFEbit,['https://coin-images.coingecko.com/coins/images/67434/large/200x200_%281%29.png?1752777433'],0.219824,157260976,204.0,220731359.0,5943351.0,0.225064,0.208621,-0.001721299422672989,-0.77862,-579697.0484832227,-0.36727,712454166.6666667,1000000000.0,1000000000.0,0.503782,-56.36531,2026-04-07 12:22:00+00:00,0.04176784,426.299,2026-04-07 12:22:00+00:00,2026-09-06T12:27:20.000Z
205,Strategy-Pp-Variable-Xstock,STRCX,Strategy PP Variable xStock,['https://coin-images.coingecko.com/coins/images/71033/large/Ticker_STRCx__Company_Name_Strategy_PP_Variable__size_200x200.png?1765380234'],106.52,155175811,205.0,300068429.0,44658.0,106.54,103.8,0.106164,0.10146,155165.0,0.10009,1456833.4384832236,2817125.412573648,1000000000.0,139.97,-23.8999,2026-06-26 03:33:00+00:00,73.0,45.90779,2026-06-26 03:33:00+00:00,2026-09-06T12:27:20.000Z
206,Vision-3,VSN,Vision,['https://coin-images.coingecko.com/coins/images/67399/large/Logo-Vision-Symbol-BG-Green.png?1752676915'],0.04074284,153121400,206.0,171087351.0,3570434.0,0.04173963,0.04052956,-5.9985703705648e-05,-0.16626,-254629.6612740159,-0.16602,3758956327.888612,4200000000.0,4200000000.0,0.223874,-81.80099,2026-06-06 05:10:30+00:00,0.02840819,43.41934,2026-06-06 05:10:30+00:00,2026-09-06T12:27:20.000Z
207,Neo,NEO,NEO,['https://coin-images.coingecko.com/coins/images/480/large/NEO_512_512.png?1696501735'],2.16,152310277,207.0,215951052.0,2539429.0,2.18,2.12,0.0317612,1.51072,2266664.0,1.51067,70530000.0,100000000.0,1000000000.0,198.38,-98.91162,2016-10-20 16:00:00+00:00,0.078349,2655.77622,2016-10-20 16:00:00+00:00,2026-09-06T12:27:20.000Z
208,Origintrail,TRAC,OriginTrail,['https://coin-images.coingecko.com/coins/images/1877/large/TRAC.jpg?1696502873'],0.33724,150841629,208.0,168623248.0,2843058.0,0.339605,0.319469,0.01529448,4.74124,6843937.0,4.75281,447274118.0,500000000.0,500000000.0,3.5,-90.37817,2020-03-12 18:24:12+00:00,0.00385262,8653.51455,2020-03-12 18:24:12+00:00,2026-09-06T12:27:20.000Z
209,Humanity,H,Humanity,['https://coin-images.coingecko.com/coins/images/66811/large/H_tokenLogo_original.png?1750581252'],0.075364,149580260,210.0,750986618.0,2629606.0,0.080236,0.073115,-0.002978070325383886,-4.45746,-6460495.541745245,-4.14026,1991783293.9029999,10000000000.0,10000000000.0,0.853746,-91.17253,2025-06-26 17:20:39+00:00,0.01810273,316.31376,2025-06-26 17:20:39+00:00,2026-09-06T12:27:20.000Z
210,Gusd,GUSD,GUSD,['https://coin-images.coingecko.com/coins/images/68725/large/gusd-logo.jpeg?1757681286'],0.998475,149562133,209.0,319513202.0,827917.0,0.999194,0.998446,-0.000557917166879029,-0.05416,-83078.97030624747,-0.05552,149790000.0,320000000.0,1000000000.0,1.022,-2.28892,2026-03-02 09:40:29+00:00,0.979237,1.9646,2026-03-02 09:40:29+00:00,2026-09-06T12:27:20.000Z
211,Decentraland,MANA,Decentraland,['https://coin-images.coingecko.com/coins/images/878/large/decentraland-mana.png?1696502010'],0.075604,148062566,211.0,165816883.0,17985364.0,0.076311,0.07435,0.0005236,0.70647,1029480.0,0.70017,1958351597.9557714,2193179327.320146,1000000000.0,5.85,-98.70781,2017-10-30 16:00:00+00:00,0.00923681,718.50374,2017-10-30 16:00:00+00:00,2026-09-06T12:27:20.000Z
212,Seeker,SKR,Seeker,['https://coin-images.coingecko.com/coins/images/70974/large/seeker-logo.jpg?1764922774'],0.02121587,148003134,212.0,224420697.0,7816662.0,0.02355574,0.02128758,-0.001551608756732933,-6.84538,-10635656.37469247,-6.70432,6972366875.013088,10572366985.01988,1000000000.0,0.055818,-61.99119,2026-01-20 18:11:35+00:00,0.00542271,291.24086,2026-01-20 18:11:35+00:00,2026-09-06T12:27:20.000Z
213,Zama,ZAMA,Zama,['https://coin-images.coingecko.com/coins/images/70921/large/zama.png?1764591992'],0.059769,147546561,213.0,672121833.0,24800498.0,0.059591,0.04994408,0.00855026,16.35502,20655696.0,16.27832,2477521419.488032,11285903453.9952,1000000000.0,0.06628,-9.82334,2026-02-12 09:20:22+00:00,0.01673142,257.22811,2026-02-12 09:20:22+00:00,2026-09-06T12:27:20.000Z
214,Ecash,XEC,eCash,['https://coin-images.coingecko.com/coins/images/16646/large/Logo_final-22.png?1696516207'],7.35e-06,147521330,214.0,147523856.0,2805051.0,7.42e-06,7.16e-06,1.57043e-07,2.13503,3054121.0,2.11406,20079442172580.0,20079795297580.0,21000000000000.0,0.00038001,-98.06536,2026-07-01 01:13:50+00:00,4.79e-06,53.53464,2026-07-01 01:13:50+00:00,2026-09-06T12:27:20.000Z
215,Chiliz,CHZ,Chiliz,['https://coin-images.coingecko.com/coins/images/8834/large/CHZ_Token_updated.png?1696508986'],0.01399868,147346564,215.0,147346564.0,18665672.0,0.01406504,0.01361854,0.00028877,2.00611,3102870.0,2.15113,10522250940.0,10522250940.0,1000000000.0,0.878633,-98.40677,2019-09-27 16:00:00+00:00,0.00410887,240.69386,2019-09-27 16:00:00+00:00,2026-09-06T12:27:20.000Z
216,Gmt-Token,GOMINING,GoMining Token,['https://coin-images.coingecko.com/coins/images/15662/large/GoMining_Logo.webp?1769225542'],0.365049,147193433,216.0,147193433.0,16842298.0,0.370864,0.364851,-0.005130718909904075,-1.39622,-2100313.2565568388,-1.40683,403301155.33831584,403301155.3383158,436915240.0,0.564703,-35.3557,2022-11-09 16:18:31+00:00,0.069487,425.34912,2022-11-09 16:18:31+00:00,2026-09-06T12:27:20.000Z
217,Apecoin,APE,ApeCoin,['https://coin-images.coingecko.com/coins/images/24383/large/APECOIN.png?1756551529'],0.144462,144462932,217.0,144462932.0,23048099.0,0.144751,0.14082,0.00284815,2.02201,2848842.0,2.01169,1000000000.0,1000000000.0,1000000000.0,26.7,-99.45888,2026-04-02 21:49:00+00:00,0.081548,77.15097,2026-04-02 21:49:00+00:00,2026-09-06T12:27:20.000Z
218,Safepal,SFP,SafePal,['https://coin-images.coingecko.com/coins/images/13905/large/sfp.png?1696513647'],0.284078,142013571,219.0,142013571.0,1400212.0,0.287123,0.280367,0.00417024,1.52675,2059640.0,1.47166,500000000.0,500000000.0,500000000.0,4.19,-93.21604,2026-07-29 21:05:20+00:00,0.199787,42.19052,2026-07-29 21:05:20+00:00,2026-09-06T12:27:20.000Z
219,Shuffle-2,SHFL,Shuffle,['https://coin-images.coingecko.com/coins/images/35148/large/shuffle_token_200x200.png?1707552712'],0.298822,141832957,218.0,275163791.0,593853.0,0.310842,0.298497,-0.01039691951951821,-3.36674,-4721841.869995892,-3.2219,474528195.74200964,920610980.338615,1000000000.0,0.787524,-62.05545,2024-12-17 06:35:43+00:00,0.141225,111.59238,2024-12-17 06:35:43+00:00,2026-09-06T12:27:20.000Z
220,Elrond-Erd-2,EGLD,MultiversX,['https://coin-images.coingecko.com/coins/images/12335/large/egld-token-logo.png?1696512162'],4.56,140050125,220.0,140050125.0,5309545.0,4.7,4.51,-0.10821370441524181,-2.0432,-3225108.5149061084,-2.25099,30725611.0,30725611.0,1000000000.0,545.64,-99.16503,2026-06-26 02:23:20+00:00,2.42,87.96044,2026-06-26 02:23:20+00:00,2026-09-06T12:27:20.000Z
221,Railgun,RAIL,Railgun,['https://coin-images.coingecko.com/coins/images/16840/large/railgun.jpeg?1696516407'],2.32,139309387,221.0,139309387.0,746863.0,2.31,1.93,0.367194,18.78921,22030807.0,18.78502,60000000.0,60000000.0,100000000.0,5.66,-58.97768,2022-11-09 14:15:17+00:00,0.228324,916.90232,2022-11-09 14:15:17+00:00,2026-09-06T12:27:20.000Z
222,Kamino,KMNO,Kamino,['https://coin-images.coingecko.com/coins/images/35801/large/Kamino_200x200.png?1767944671'],0.0252584,138236333,222.0,252627570.0,2821385.0,0.02560542,0.02479588,0.00023813,0.93194,1704496.0,1.24842,5471918141.5,9999957001.154308,10000000000.0,0.247842,-89.80868,2026-06-06 05:03:15+00:00,0.01342703,88.11612,2026-06-06 05:03:15+00:00,2026-09-06T12:27:20.000Z
223,Vaulta,A,Vaulta,['https://coin-images.coingecko.com/coins/images/55616/large/Vaulta_CEX_Icon_Circle_-_cmc.png?1746859132'],0.081438,135628869,223.0,171038141.0,4251440.0,0.081546,0.078901,0.00253465,3.22906,4251397.0,3.23602,1665246265.7167,2100000000.0,2100000000.0,0.778734,-89.54222,2026-06-06 05:03:15+00:00,0.057641,41.28619,2026-06-06 05:03:15+00:00,2026-09-06T12:27:20.000Z
224,Collector-Crypt,CARDS,Collector Crypt,['https://coin-images.coingecko.com/coins/images/68728/large/cards-logo.jpeg?1756534539'],0.145317,135442038,224.0,287263750.0,7265732.0,0.149136,0.126475,0.00164388,1.09587,1504283.0,1.12312,932239650.917754,1977219648.722017,2000000000.0,0.381443,-61.90339,2025-09-01 18:58:55+00:00,0.02121763,584.88796,2025-09-01 18:58:55+00:00,2026-09-06T12:27:20.000Z
225,Antfun,ANTFUN,AntFun,['https://coin-images.coingecko.com/coins/images/102174619/large/antfun_logo_200x200_transparent.png?1784200901'],0.071737,135440241,225.0,606398896.0,14096018.0,0.072098,0.068996,0.00261225,3.80217,4958095.0,3.79983,1887639996.0,8451423307.16593,10000000000.0,0.072098,-0.5007,2026-07-16 12:58:20+00:00,0.03781926,89.68311,2026-07-16 12:58:20+00:00,2026-09-06T12:27:20.000Z
226,Btse-Token,BTSE,BTSE Token,['https://coin-images.coingecko.com/coins/images/10807/large/BTSE_logo_Square.jpeg?1696510765'],0.835292,135336908,226.0,167019196.0,1391810.0,0.873825,0.829488,-0.03193666371565018,-3.86066,-5207523.795696229,-3.70525,162061501.0,200000000.0,200000000.0,9.21,-90.93512,2025-10-10 14:48:11+00:00,0.06191,1249.20835,2025-10-10 14:48:11+00:00,2026-09-06T12:27:20.000Z
227,1Inch,1INCH,1INCH,['https://coin-images.coingecko.com/coins/images/13469/large/0x111111111117dc0aa78b770fa6a738034120c302_0x2b2c127f11a6604d4319c936334506b86c339a3773b6f2731db0ed4a4fb7fb72.jpg?1787890016'],0.095806,134671437,227.0,143718623.0,33624048.0,0.096606,0.090899,0.00491607,5.40979,6918779.0,5.41576,1405573965.7275033,1499999999.997,1500000000.0,8.65,-98.89262,2026-07-01 01:13:30+00:00,0.064865,47.70158,2026-07-01 01:13:30+00:00,2026-09-06T12:27:20.000Z
228,Tradable-Latam-Fintech-Sstn,PC0000097,Tradable LatAm Fintech SSTN,['https://coin-images.coingecko.com/coins/images/66796/large/tradable.jpg?1750576421'],1.0,134000000,228.0,190053397.0,5496987.5,1.0,1.0,0.0,0.0,0.0,0.0,134000000.0,134000000.0,300000000.0,1.0,0.0,2026-07-23 07:25:00+00:00,1.0,0.0,2026-07-23 07:25:00+00:00,2026-09-06T12:27:20.000Z
229,Avant-Usd,AVUSD,Avant USD,['https://coin-images.coingecko.com/coins/images/53527/large/token-avusd.png?1736579003'],0.999561,133934587,229.0,133934587.0,906.67,0.999898,0.999474,0.00011454,0.01315,15787.22,0.01179,133993033.1443196,133993033.1443196,1000000000.0,1.09,-8.31565,2026-06-19 19:10:00+00:00,0.924607,8.10658,2026-06-19 19:10:00+00:00,2026-09-06T12:27:20.000Z
230,Havven,SNX,Synthetix,['https://coin-images.coingecko.com/coins/images/3406/large/SNX.png?1696504103'],0.229716,133492634,230.0,133589973.0,19275962.0,0.229929,0.212942,0.0176148,7.75267,10265792.0,8.33081,580980590.4572881,581404223.5556631,1000000000.0,28.53,-99.19489,2019-01-05 16:00:00+00:00,0.0347864,560.36238,2019-01-05 16:00:00+00:00,2026-09-06T12:27:20.000Z
231,Zencash,ZEN,Horizen,['https://coin-images.coingecko.com/coins/images/691/large/Horizen2.0-logo_icon-on-yellow_%281%29.png?1751696763'],7.21,132113123,231.0,151355651.0,56574063.0,7.92,6.86,-0.15199318392254568,-1.86638,-2754220.653963685,-2.04217,18330175.014408942,21000000.0,21000000.0,165.92,-95.65713,2019-10-16 16:00:00+00:00,3.26,120.72476,2019-10-16 16:00:00+00:00,2026-09-06T12:27:20.000Z
232,Unifai-Network,UAI,UnifAI Network,['https://coin-images.coingecko.com/coins/images/70521/large/uai.png?1762323485'],0.545546,130367243,232.0,545469638.0,33223838.0,0.685784,0.445904,0.064986,14.05431,15513323.0,13.507,239000000.0,1000000000.0,1000000000.0,0.685784,-20.4492,2025-11-06 15:21:15+00:00,0.06003,808.79319,2025-11-06 15:21:15+00:00,2026-09-06T12:27:20.000Z
233,Jpysc,JPYSC,JPYSC,['https://coin-images.coingecko.com/coins/images/102174247/large/jpysc_200.png?1782808870'],0.0063859,127920526,233.0,127920526.0,5496987.5,0.0063859,0.0063859,0.0,0.0,0.0,0.0,20031714742.0,20031714742.0,1000000000.0,0.00643826,-0.81332,2026-07-30 08:00:20+00:00,0.00610725,4.56257,2026-07-30 08:00:20+00:00,2026-09-06T12:27:20.000Z
234,Circle-Internet-Group-Ondo-Tokenized-Stock,CRCLON,Circle Internet Group (Ondo Tokenized Stock),['https://coin-images.coingecko.com/coins/images/68595/large/crclon_160x160.png?1756129889'],104.51,126858455,234.0,126806967.0,1679461.0,104.97,101.23,2.95,2.82361,3619065.0,2.93661,1213904.346449213,1213411.656639129,1000000000.0,158.37,-34.00968,2026-02-05 16:26:02+00:00,47.99,117.78961,2026-02-05 16:26:02+00:00,2026-09-06T12:27:20.000Z
235,Cash-4,CASH,CASH,['https://coin-images.coingecko.com/coins/images/69679/large/cash.jpg?1759283906'],0.999968,126601438,235.0,126601438.0,11034351.0,1.0,0.999398,0.00015966,0.01204,15636.12,0.01235,126610008.590211,126610008.590211,1000000000.0,1.058,-5.51418,2025-12-15 11:40:12+00:00,0.975346,2.52452,2025-12-15 11:40:12+00:00,2026-09-06T12:27:20.000Z
236,Meta-2-2,META,MetaDAO,['https://coin-images.coingecko.com/coins/images/68320/large/META.png?1755335883'],5.57,126415921,236.0,126415921.0,1381958.0,5.86,5.51,-0.1840581448733456,-3.19187,-4172571.078126937,-3.19521,22684693.455766,22684693.455766,1000000000.0,10.84,-48.59547,2025-08-17 10:45:50+00:00,0.724356,669.32055,2025-08-17 10:45:50+00:00,2026-09-06T12:27:20.000Z
237,Ozone-Chain,OZO,Ozone Chain,['https://coin-images.coingecko.com/coins/images/31385/large/ozonechain-momogram-200x200.png?1696530201'],0.130897,125783495,237.0,130897215.0,148695.0,0.131011,0.130699,-7.590555163028e-06,0.07228,-6880.70878431201,-0.00547,960933314.0,1000000000.0,1000000000.0,0.485077,-73.01527,2023-10-07 13:15:21+00:00,0.060046,117.99274,2023-10-07 13:15:21+00:00,2026-09-06T12:27:20.000Z
238,Rollbit-Coin,RLB,Rollbit Coin,['https://coin-images.coingecko.com/coins/images/24552/large/unziL6wO_400x400.jpg?1696523729'],0.079002,124696180,238.0,124697553.0,498442.0,0.081723,0.07365,-0.002379468757883946,-2.92227,-3812021.7369049042,-2.96636,1578387715.619978,1578387715.619978,5000000000.0,0.264358,-70.11552,2022-07-01 18:46:34+00:00,0.00093506,8348.87006,2022-07-01 18:46:34+00:00,2026-09-06T12:27:20.000Z
239,Grx-Chain,GRX,GRX Chain,['https://coin-images.coingecko.com/coins/images/71011/large/Untitled_design_%283%29.png?1765178472'],13.05,124164443,229.0,130503511.0,68.29,0.32132,0.310197,0.000168735,0.6764749999999999,736179.0,0.695125,9512395.0,9998039.0,10000000.0,21.31,-38.7482,2026-02-14 09:00:45+00:00,0.868057,1403.69349,2026-02-14 09:00:45+00:00,2026-09-02T19:20:40.000Z
240,Dog-Go-To-The-Moon-Rune,DOG,Dog (Bitcoin),['https://coin-images.coingecko.com/coins/images/37352/large/DOGGOTOTHEMOON.png?1714096969'],0.00122336,122388507,239.0,122388507.0,692158.0,0.00124064,0.00120089,4.59e-06,0.34219,511796.0,0.41993,100000000000.0,100000000000.0,100000000000.0,0.0099237,-87.67235,2026-06-24 17:23:00+00:00,0.00055967,118.58694,2026-06-24 17:23:00+00:00,2026-09-06T12:27:20.000Z
241,Quack-Ai,Q,Quack AI,['https://coin-images.coingecko.com/coins/images/68793/large/quack_ai.png?1756615808'],0.02709655,120458248,240.0,270946382.0,4644687.0,0.02904688,0.02478564,-0.000619561357727002,-2.21084,-2762981.536501646,-2.24229,4445833415.0,10000000000.0,10000000000.0,0.052458,-48.34657,2026-03-28 01:22:00+00:00,0.00527092,414.07646,2026-03-28 01:22:00+00:00,2026-09-06T12:27:20.000Z
242,Chip-2,CHIP,USD.AI,['https://coin-images.coingecko.com/coins/images/102171777/large/CHIP_Token_Logo_Large.png?1776777444'],0.059336,119005032,241.0,595025159.0,26847579.0,0.061561,0.055577,0.00388755,7.11341,8108127.0,7.31141,2000000000.0,10000000000.0,10000000000.0,0.140189,-57.67439,2026-08-09 23:50:20+00:00,0.02161887,174.4639,2026-08-09 23:50:20+00:00,2026-09-06T12:27:20.000Z
243,Stp-Network,AWE,AWE Network,['https://coin-images.coingecko.com/coins/images/8713/large/awe-network.jpg?1747816016'],0.061187,118899876,243.0,118899876.0,1065169.0,0.061801,0.060601,0.00022501,0.48725,485327.0,0.40985,1942420282.5203903,1942420282.5203903,2000000000.0,0.270085,-77.34516,2019-09-30 16:00:00+00:00,0.00646736,846.09541,2019-09-30 16:00:00+00:00,2026-09-06T12:27:20.000Z
244,Immutable-X,IMX,Immutable,['https://coin-images.coingecko.com/coins/images/17233/large/immutableX-symbol-BLK-RGB.png?1696516787'],0.135225,118893654,242.0,270375060.0,17035409.0,0.136041,0.124858,0.00943873,7.38817,8267802.0,7.47366,879472049.1198139,2000000000.0,2000000000.0,9.52,-98.57956,2026-08-19 03:08:10+00:00,0.094763,42.69807,2026-08-19 03:08:10+00:00,2026-09-06T12:27:20.000Z
245,Dgrid-Ai,DGAI,DGrid AI,['https://coin-images.coingecko.com/coins/images/102175792/large/dgrid.png?1787573447'],0.791341,118717574,244.0,791450493.0,55268573.0,0.794797,0.782544,0.00652135,0.83395,994593.0,0.84486,150000000.0,1000000000.0,1000000000.0,0.846164,-6.47902,2026-08-24 17:03:40+00:00,0.364155,117.30893,2026-08-24 17:03:40+00:00,2026-09-06T12:27:20.000Z
246,Sonic-3,S,Sonic,['https://coin-images.coingecko.com/coins/images/38108/large/200x200_Sonic_Logo.png?1734679256'],0.03048859,118226518,245.0,118226518.0,15766014.0,0.03110473,0.02939274,0.00118716,3.84726,4375886.0,3.84353,3885497663.0,3885497663.0,1000000000.0,1.029,-97.03843,2026-06-25 13:59:50+00:00,0.01906602,59.91063,2026-06-25 13:59:50+00:00,2026-09-06T12:27:20.000Z
247,Theo-Short-Duration-Us-Treasury-Fund,THBILL,Theo Short Duration US Treasury Fund,['https://coin-images.coingecko.com/coins/images/67650/large/thBILL.png?1753401034'],1.017,117824922,246.0,117824922.0,323.25,1.017,1.017,-9.4630054818357e-05,-0.00762,-10575.137028038502,-0.00897,115843689.787306,115843689.787306,1000000000.0,1.11,-8.49684,2025-10-10 13:35:37+00:00,0.906552,12.19422,2025-10-10 13:35:37+00:00,2026-09-06T12:27:20.000Z
248,Meteora,MET,Meteora,['https://coin-images.coingecko.com/coins/images/69110/large/meteora.png?1757517561'],0.213262,117562160,247.0,213075048.0,15051850.0,0.218974,0.186997,0.02352003,12.48538,13126643.0,12.56914,550490265.600089,997733791.17678,1000000000.0,0.686913,-68.95354,2026-06-06 05:03:00+00:00,0.094433,125.83308,2026-06-06 05:03:00+00:00,2026-09-06T12:27:20.000Z
249,The-Sandbox,SAND,The Sandbox,['https://coin-images.coingecko.com/coins/images/12129/large/sandbox_logo.jpg?1696511971'],0.04001982,117548778,248.0,120044106.0,14296181.0,0.04024623,0.03942749,0.00016847,0.25608,479861.0,0.4099,2937639702.3733225,3000000000.0,3000000000.0,8.4,-99.52339,2020-11-04 07:59:14+00:00,0.02897764,38.10589,2020-11-04 07:59:14+00:00,2026-09-06T12:27:20.000Z
250,Zksync,ZK,ZKsync,['https://coin-images.coingecko.com/coins/images/38043/large/ZKTokenBlack.png?1718614502'],0.01104165,114662895,249.0,232192030.0,22290704.0,0.01142162,0.00983395,0.00114578,11.68799,12038876.0,11.73105,10370385240.0,21000000000.0,21000000000.0,0.320983,-96.56005,2026-08-14 10:02:40+00:00,0.00712159,55.04486,2026-08-14 10:02:40+00:00,2026-09-06T12:27:20.000Z
251,Tradable-Singapore-Fintech-Ssl-2,PC0000023,Tradable Singapore Fintech SSL,['https://coin-images.coingecko.com/coins/images/66954/large/tradable.jpg?1751254449'],1.0,114500000,247.5,114500000.0,5496987.5,0.32132,0.310197,0.000168735,0.6764749999999999,736179.0,0.695125,114500000.0,114500000.0,114500000.0,1.0,0.0,2025-07-03 02:25:09+00:00,1.0,0.0,2025-07-03 02:25:09+00:00,2026-07-10T19:20:16.000Z
252,Alpha-Bulgaria-Warrants,ALFW,Alpha Bulgaria Warrants,['https://coin-images.coingecko.com/coins/images/102174400/large/0fc344_46599cf95f3b4eac9dcd8b50a1fcd064_mv2%281%29%281%29.png?1783581235'],3.2,114330001,250.0,114330001.0,5496987.5,3.2,3.2,0.0,0.0,0.0,0.0,35714286.0,35714286.0,35714286.0,3.2,0.0,2026-08-19 15:45:00+00:00,3.2,0.0,2026-08-19 15:45:00+00:00,2026-09-06T12:27:20.000Z
253,Melania-Meme,MELANIA,Melania Meme,['https://coin-images.coingecko.com/coins/images/53775/large/melania-meme.png?1737329885'],0.113837,113827795,251.0,113827796.0,22411502.0,0.117103,0.110459,0.00329456,2.96526,3285928.0,2.97256,999995795.987777,999995801.464926,1000000000.0,13.05,-99.12782,2026-06-06 05:03:30+00:00,0.066246,71.84012,2026-06-06 05:03:30+00:00,2026-09-06T12:27:20.000Z
254,Frax-Usd,FRXUSD,Frax USD,['https://coin-images.coingecko.com/coins/images/53963/large/frxUSD.png?1737792154'],0.999847,113292204,252.0,113283208.0,1946929.0,1.0,0.999661,-0.000266449076496866,-0.02295,294360.0,0.2605,113307053.21677247,113321054.8612558,1000000000.0,1.088,-8.08029,2025-02-17 09:32:23+00:00,0.97622,2.42022,2025-02-17 09:32:23+00:00,2026-09-06T12:27:20.000Z
255,Golem,GLM,Golem,['https://coin-images.coingecko.com/coins/images/542/large/Golem_Submark_Positive_RGB.png?1696501761'],0.113121,113093591,253.0,113093591.0,2196449.0,0.112636,0.109534,0.00350497,3.07736,3477354.0,3.1723,1000000000.0,1000000000.0,1000000000.0,1.32,-91.45808,2016-12-11 16:00:00+00:00,0.00913753,1137.98458,2016-12-11 16:00:00+00:00,2026-09-06T12:27:20.000Z
256,The-Black-Bull,ANSEM,The Black Bull,['https://coin-images.coingecko.com/coins/images/102174035/large/IMG_9497.jpeg?1782005339'],0.272165,112867476,254.0,271388629.0,19472686.0,0.296814,0.229696,0.03723193,15.57159,15418623.0,15.82227,414797457.70963705,997376018.725858,1000000000.0,0.443616,-38.64848,2026-06-25 10:22:50+00:00,0.00014442,188354.75862,2026-06-25 10:22:50+00:00,2026-09-06T12:27:20.000Z
257,Astherus-Usdf,USDF,Aster USDF,['https://coin-images.coingecko.com/coins/images/54133/large/USDF_LOGO.png?1738393978'],0.998316,112866697,255.0,112868207.0,204741.0,0.998616,0.998022,-0.000396282506604728,-0.03649,-102098.42760054767,-0.09038,113056395.2024313,113057889.7824916,1000000000.0,1.046,-4.58457,2025-10-10 13:23:15+00:00,0.798494,25.02494,2025-10-10 13:23:15+00:00,2026-09-06T12:27:20.000Z
258,Cheems-Token,CHEEMS,Cheems Token,['https://coin-images.coingecko.com/coins/images/30376/large/Hg4_Lhbg_400x400.jpg?1696529270'],5.53499e-07,112734744,256.0,112734744.0,317611.0,5.70212e-07,5.48415e-07,8.461e-09,1.70896,1725172.0,1.55408,203672952069062.34,203672952069062.34,219776051832671.0,2.16e-06,-74.38577,2023-09-04 10:45:23+00:00,5.725e-09,9567.96729,2023-09-04 10:45:23+00:00,2026-09-06T12:27:20.000Z
259,Permacast,PWT,Permacast,['https://coin-images.coingecko.com/coins/images/102175793/large/permacast.jpg?1787581166'],0.580022,112609769,257.0,536236994.0,3155757.0,0.589414,0.512178,2.493e-05,0.01938,0.0,0.0,210000000.0,1000000000.0,1000000000.0,0.683497,-15.13905,2026-09-03 16:24:30+00:00,0.487092,19.07858,2026-09-03 16:24:30+00:00,2026-09-06T12:27:20.000Z
260,Backpack,BP,Backpack,['https://coin-images.coingecko.com/coins/images/102171961/large/image_%285%29.png?1774269858'],0.438194,109574780,258.0,438299119.0,1777983.0,0.445663,0.427983,0.00337606,0.82367,870285.0,0.8006,250000000.0,1000000000.0,1000000000.0,0.785169,-44.1911,2026-05-25 19:03:00+00:00,0.117911,271.63085,2026-05-25 19:03:00+00:00,2026-09-06T12:27:20.000Z
261,Basic-Attention-Token,BAT,Basic Attention,['https://coin-images.coingecko.com/coins/images/677/large/basic-attention-token.png?1696501867'],0.072816,108920218,259.0,109231553.0,15978455.0,0.072986,0.071257,0.00147601,2.07586,2215753.0,2.07653,1495724656.9526057,1500000000.0,1500000000.0,1.9,-96.16872,2026-08-14 15:07:10+00:00,0.055241,31.81395,2026-08-14 15:07:10+00:00,2026-09-06T12:27:20.000Z
262,Nxm,NXM,Nexus Mutual,['https://coin-images.coingecko.com/coins/images/11810/large/NXMmain.png?1696511684'],64.08,108221994,260.0,108222104.0,5496987.5,64.38,62.9,1.067,1.69266,1801080.0,1.69241,1688846.740996246,1688848.573850767,1000000000.0,185.97,-65.54327,2020-07-22 11:54:06+00:00,6.96,820.31151,2020-07-22 11:54:06+00:00,2026-09-06T12:27:20.000Z
263,Helium,HNT,Helium,['https://coin-images.coingecko.com/coins/images/4284/large/helium_logo_use.png?1748092589'],0.576142,108078595,261.0,108078595.0,10806447.0,0.618112,0.578764,-0.02608655633824819,-4.38012,-4815752.077575773,-4.26572,187669421.0714191,187669421.0714191,223000000.0,54.88,-98.95012,2020-04-17 16:19:10+00:00,0.113248,408.74521,2020-04-17 16:19:10+00:00,2026-09-06T12:27:20.000Z
264,Bc-Token,BC,BCGame Coin,['https://coin-images.coingecko.com/coins/images/53197/large/Graphic_Only-200black.png?1746867614'],0.033525,107644482,262.0,315500337.0,88748.0,0.03393553,0.0315213,0.0018405,5.8321,5909928.0,5.80916,3210860915.6839733,9410865135.683973,10000000000.0,0.04108352,-18.39792,2025-04-06 23:00:26+00:00,0.00291432,1050.35615,2025-04-06 23:00:26+00:00,2026-09-06T12:27:20.000Z
265,Instadapp,FLUID,Fluid,['https://coin-images.coingecko.com/coins/images/14688/large/Frame_1686566116_%281%29_%281%29.png?1784708239'],1.28,107221551,263.0,128106807.0,1434222.0,1.28,1.23,0.03169019,2.58606,2650993.0,2.53512,83696996.82034639,100000000.0,100000000.0,24.4,-94.74983,2022-12-28 08:20:48+00:00,0.366538,249.50919,2022-12-28 08:20:48+00:00,2026-09-06T12:27:20.000Z
266,Chutes,SN64,Chutes,['https://coin-images.coingecko.com/coins/images/66308/large/chutes.jpg?1749181700'],18.27,107056376,264.0,107056376.0,516703.0,17.95,14.63,0.454763,2.55419,2810423.0,2.69595,5859696.373464023,5859696.373464023,21000000.0,104.42,-82.50382,2026-03-26 15:23:00+00:00,0.344143,5208.81222,2026-03-26 15:23:00+00:00,2026-09-06T12:27:20.000Z
267,Sosovalue,SOSO,SoSoValue,['https://coin-images.coingecko.com/coins/images/53919/large/soso.jpg?1737717378'],0.311263,106434720,265.0,311211223.0,4513636.0,0.312453,0.309394,0.00073655,0.22102,234099.0,0.22043,342001548.0,1000000000.0,1000000000.0,1.42,-78.08825,2026-06-14 00:52:00+00:00,0.267867,16.20062,2026-06-14 00:52:00+00:00,2026-09-06T12:27:20.000Z
268,Tradable-Na-Third-Party-Online-Merchant-Sstn,PC0000015,Tradable NA Third Party Online Merchant SSTN,['https://coin-images.coingecko.com/coins/images/66880/large/tradable.jpg?1750921859'],1.0,105971760,266.0,105971760.0,5496987.5,1.0,1.0,0.0,0.0,0.0,0.0,105971759.52,105971759.52,350000000.0,1.0,0.0,2026-07-23 07:25:00+00:00,1.0,0.0,2026-07-23 07:25:00+00:00,2026-09-06T12:27:20.000Z
269,Geodnet,GEOD,Geodnet,['https://coin-images.coingecko.com/coins/images/31608/large/Circular_White.png?1696530424'],0.22594,104448239,267.0,217402023.0,753938.0,0.241942,0.224259,-0.015178533830585816,-6.30444,-7037713.335767612,-6.31265,462370402.618101,962393067.618101,1000000000.0,0.374342,-39.6435,2023-09-13 00:00:24+00:00,0.03417228,561.17835,2023-09-13 00:00:24+00:00,2026-09-06T12:27:20.000Z
270,Zano,ZANO,Zano,['https://coin-images.coingecko.com/coins/images/8370/large/Icon-App-512x512.png?1761825305'],6.75,104236852,268.0,104242892.0,1433136.0,6.94,6.68,0.04331122,0.64322,714026.0,0.68973,15444763.38,15445713.13,1000000000.0,17.81,-62.11626,2019-12-16 11:21:13+00:00,0.146452,4506.98964,2019-12-16 11:21:13+00:00,2026-09-06T12:27:20.000Z
271,Dydx-Chain,DYDX,dYdX,['https://coin-images.coingecko.com/coins/images/32594/large/dydx.png?1698673495'],0.122934,104033017,269.0,117834735.0,5529366.0,0.124471,0.11609,0.0054677,4.52868,4645469.0,4.6741,846094216.4335754,958342751.0,1000000000.0,4.52,-97.27941,2026-03-07 19:05:30+00:00,0.078815,55.97755,2026-03-07 19:05:30+00:00,2026-09-06T12:27:20.000Z
272,Circle-Internet-Group-Bstock,CRCLB,Circle Internet Group (bStocks Tokenized Stock),['https://coin-images.coingecko.com/coins/images/102173742/large/circle-internet-group-tokenized-bStocks-crclb.png?1781196448'],104.7,103875733,270.0,104079003.0,8132883.0,105.22,101.27,3.01,2.86642,2788960.0,2.75898,992262.81214997,994167.8168134,1000000000.0,105.22,-0.49467,2026-08-03 14:09:10+00:00,58.2,79.88548,2026-08-03 14:09:10+00:00,2026-09-06T12:27:20.000Z
273,Securitize-Tokenized-Aaa-Clo-Fund,STAC,Securitize Tokenized AAA CLO Fund,['https://coin-images.coingecko.com/coins/images/71167/large/stac_logo.png?1766163743'],1032.09,103413009,271.0,103413009.0,5496987.5,1033.93,1030.06,0.083987,0.00814,8415.28,0.00814,100198.000776,100198.000776,1000000000.0,1050.06,-1.7115,2026-02-05 16:15:06+00:00,997.66,3.45069,2026-02-05 16:15:06+00:00,2026-09-06T12:27:20.000Z
274,Stonk-3,STONK,STONK,['https://coin-images.coingecko.com/coins/images/102175239/large/tscmgapqpfx5j4hu8gbs3aj85s7a.?1785895603'],0.1175,103402151,272.0,103389021.0,92266931.0,0.154515,0.02784818,0.087326,291.03245,76692927.0,287.14023,880140491.0630847,880028727.223237,1000000000.0,0.154515,-23.95584,2026-08-05 19:16:30+00:00,0.00174774,6622.97729,2026-08-05 19:16:30+00:00,2026-09-06T12:27:20.000Z
275,Four,FORM,Four,['https://coin-images.coingecko.com/coins/images/54912/large/four.jpg?1742461445'],0.269278,102868900,273.0,154168938.0,12800031.0,0.322227,0.265341,-0.035007400701128844,-11.44648,-13327833.547076464,-11.47006,381867255.14,572301922.1,580000000.0,4.19,-93.57034,2026-07-17 14:01:50+00:00,0.178657,50.72375,2026-07-17 14:01:50+00:00,2026-09-06T12:27:20.000Z
276,Tradable-Latam-Middle-Market-Lender-Sstl,PC0000085,Tradable LatAm Middle-Market Lender SSTL,['https://coin-images.coingecko.com/coins/images/66877/large/tradable.jpg?1750921571'],1.0,100124199,274.0,100124199.0,5496987.5,1.0,1.0,0.0,0.0,0.0,0.0,100124198.51,100124198.51,150000000.0,1.0,0.0,2026-07-23 07:25:00+00:00,1.0,0.0,2026-07-23 07:25:00+00:00,2026-09-06T12:27:20.000Z
277,Unity-Usd,UUSD,Unity USD,['https://coin-images.coingecko.com/coins/images/102172413/large/UUSD.png?1773390929'],0.999435,100012185,275.0,100012185.0,2549636.0,1.006,0.994564,-0.000939801146458197,0.0,-25307.49910593033,-0.0253,100000000.0,100000000.0,1000000000.0,1.26,-20.41953,2026-07-24 09:07:20+00:00,0.840277,18.94114,2026-07-24 09:07:20+00:00,2026-09-06T12:27:20.000Z
278,Tradable-Singapore-Fintech-Ssl,PC0000077,Tradable Singapore Fintech SSL,['https://coin-images.coingecko.com/coins/images/66878/large/tradable.jpg?1750921608'],1.0,100000000,276.0,190053397.0,5496987.5,1.0,1.0,0.0,0.0,0.0,0.0,100000000.0,100000000.0,100000000.0,1.0,0.0,2026-07-23 07:25:00+00:00,1.0,0.0,2026-07-23 07:25:00+00:00,2026-09-06T12:27:20.000Z
279,Dai-On-Pulsechain,DAI,DAI on PulseChain,['https://coin-images.coingecko.com/coins/images/36735/large/pDAI_200x200.png?1712451453'],0.00224905,99746359,277.0,99746359.0,157335.0,0.0022447,0.00206599,9.905e-05,4.68867,4367765.0,4.5794,44362155083.84068,44362155083.84068,1000000000.0,0.03373531,-93.33324,2024-06-11 13:34:57+00:00,1.02312e-13,2198228517051.9858,2024-06-11 13:34:57+00:00,2026-09-06T12:27:20.000Z
280,Genius-3,GENIUS,Genius,['https://coin-images.coingecko.com/coins/images/71660/large/genius.png?1768804210'],0.295006,98969676,278.0,281517261.0,7924247.0,0.312251,0.290957,-0.008340785362652647,-2.72067,-2765877.1660018414,-2.71869,335377059.0,953973324.2879035,1000000000.0,0.95329,-69.05392,2026-08-28 16:25:20+00:00,0.272078,8.42707,2026-08-28 16:25:20+00:00,2026-09-06T12:27:20.000Z
281,Prometeus,PROM,Prom,['https://coin-images.coingecko.com/coins/images/8825/large/Ticker.png?1696508978'],5.41,98923604,279.0,104344075.0,222353412.0,5.67,4.93,0.070893,1.28685,1408099.0,1.44397,18250000.0,19250000.0,19250000.0,105.94,-94.8892,2019-11-08 05:37:42+00:00,0.088747,6000.72928,2019-11-08 05:37:42+00:00,2026-09-06T12:27:20.000Z
282,Mina-Protocol,MINA,Mina Protocol,['https://coin-images.coingecko.com/coins/images/15628/large/JM4_vQ34_400x400.png?1696515261'],0.076313,98696864,280.0,98696864.0,3813498.0,0.076983,0.073916,0.00141441,1.86183,1805656.0,1.86359,1293631019.840039,1293631019.840039,1000000000.0,9.09,-99.1605,2026-06-30 13:00:40+00:00,0.0366688,108.11441,2026-06-30 13:00:40+00:00,2026-09-06T12:27:20.000Z
283,Niu-Lai,牛来,牛来 (Niu Lai),['https://coin-images.coingecko.com/coins/images/102175567/large/niulai.webp?1786873800'],0.097844,97842030,282.0,97842030.0,28807527.0,0.139289,0.096918,-0.020728442961603824,-17.63525,-20730701.916671365,-17.48353,1000000000.0,1000000000.0,1000000000.0,0.139289,-29.7544,2026-08-16 13:02:40+00:00,0.01055411,827.07327,2026-08-16 13:02:40+00:00,2026-09-06T12:27:20.000Z
284,Celium,SN51,lium,['https://coin-images.coingecko.com/coins/images/66328/large/lium_Icon_FullColor_500x500.png?1766792920'],20.99,97767152,281.0,97767152.0,1370780.0,20.69,19.75,0.649072,3.19266,3190284.0,3.37322,4657952.726365722,4657952.726365722,21000000.0,37.11,-43.44144,2026-03-26 07:56:00+00:00,0.164238,12679.80541,2026-03-26 07:56:00+00:00,2026-09-06T12:27:20.000Z
285,Bermuda-Shorts,SHORT,Bermuda Shorts,['https://coin-images.coingecko.com/coins/images/55052/large/20250304_082156_%281%29.png?1743439016'],2.318e-05,97552718,283.0,97552718.0,3756.69,2.648e-05,2.306e-05,-1.618669095921e-06,-4.38539,0.0,0.0,4000000000000.0,3999999490.0,4000000000000.0,0.000621,-96.26796,2026-04-02 08:14:00+00:00,2.67934e-10,8649754.93311,2026-04-02 08:14:00+00:00,2026-09-06T12:27:20.000Z
286,Sentient,SENT,Sentient,['https://coin-images.coingecko.com/coins/images/70508/large/SENTIENT-Icon-BlushForce-L.png?1762267532'],0.01343301,97241849,284.0,461627372.0,2438492.0,0.01350117,0.01326175,0.00010003,0.77188,739299.0,0.76609,7237882055.0,34359738368.0,34359738368.0,0.04805315,-72.04551,2026-07-29 07:25:50+00:00,0.01130719,18.8006,2026-07-29 07:25:50+00:00,2026-09-06T12:27:20.000Z
287,Wemix-Token,WEMIX,WEMIX,['https://coin-images.coingecko.com/coins/images/12998/large/wemixcoin_color_200.png?1696512788'],0.192466,96080929,286.0,107785953.0,374547.0,0.192887,0.189757,0.00193547,0.99551,1001216.0,1.05303,499047766.7830705,559844753.9927067,590000000.0,24.71,-99.22116,2021-06-22 04:52:49+00:00,0.128398,49.89788,2021-06-22 04:52:49+00:00,2026-09-06T12:27:20.000Z
288,Unitas,UP,Unitas,['https://coin-images.coingecko.com/coins/images/71531/large/Logo_Mark_200.png?1772722048'],0.44461,96052620,285.0,444688123.0,13717269.0,0.516929,0.440817,-0.06574237918215253,-12.70661,-14183448.557713732,-12.86643,215999957.20679104,999999957.206791,1000000000.0,0.522624,-14.92731,2026-03-14 04:06:10+00:00,0.067618,557.52715,2026-03-14 04:06:10+00:00,2026-09-06T12:27:20.000Z
289,Apollo-Diversified-Credit-Securitize-Fund,ACRED,Apollo Diversified Credit Securitize Fund,['https://coin-images.coingecko.com/coins/images/54809/large/ACRED.png?1741801356'],1112.34,95631842,287.0,95631842.0,5496987.5,1114.33,1109.28,0.090517,0.00814,7782.08,0.00814,85973.91955400001,85973.919554,1000000000.0,1123.32,-0.97785,2025-04-09 06:50:03+00:00,1004.33,10.75349,2025-04-09 06:50:03+00:00,2026-09-06T12:27:20.000Z
290,Aethir,ATH,Aethir,['https://coin-images.coingecko.com/coins/images/36179/large/logogram_circle_dark_green_vb_green_%281%29.png?1718232706'],0.00474282,95540918,288.0,199352450.0,6734108.0,0.00476722,0.00461547,6.03e-05,1.38928,1287642.0,1.36615,20128764593.0,42000000000.0,42000000000.0,0.118536,-95.99883,2026-08-14 11:02:20+00:00,0.00364136,30.24874,2026-08-14 11:02:20+00:00,2026-09-06T12:27:20.000Z
291,Ai-Xovia,AIX,AI XOVIA,['https://coin-images.coingecko.com/coins/images/67657/large/Aixovia-Logo-200x200.png?1753425170'],0.949845,94984160,289.0,94984160.0,600144.0,0.965604,0.821288,-0.02518792050225893,-2.58165,-2518463.51470156,-2.58297,99999347.71616927,99999347.71616927,100000000.0,45.0,-97.88914,2026-07-28 12:34:50+00:00,0.329828,187.98155,2026-07-28 12:34:50+00:00,2026-09-06T12:27:20.000Z
292,Bitget-Wrapped-Btc,BGBTC,Bitget Wrapped BTC,['https://coin-images.coingecko.com/coins/images/102172988/large/20260423-114744.png?1777014158'],80019.0,94726581,290.0,94726581.0,173255.0,80259.0,79706.0,325.83,0.38582,369555.0,0.39166,1184.0,1184.0,1000000000.0,82700.0,-3.24156,2026-06-30 18:57:10+00:00,58296.0,37.26364,2026-06-30 18:57:10+00:00,2026-09-06T12:27:20.000Z
293,Usda-2,USDA,USDa,['https://coin-images.coingecko.com/coins/images/51599/large/SUSDA.png?1731604761'],0.967102,94542304,260.0,94542304.0,10.67,0.32132,0.310197,0.000168735,0.6764749999999999,736179.0,0.695125,97758337.66345324,97749091.21010824,1000000000.0,1.021,-5.32297,2026-08-10 09:30:10+00:00,0.359131,169.28951,2026-08-10 09:30:10+00:00,2026-08-14T08:19:10.000Z
294,Gala,GALA,GALA,['https://coin-images.coingecko.com/coins/images/12493/large/GALA_token_image_-_200PNG.png?1709725869'],0.00189329,94401072,291.0,94401072.0,23636802.0,0.00191878,0.00185458,2.334e-05,1.19202,1202571.0,1.29033,49861293463.40499,49861293554.405,50000000000.0,0.824837,-99.77046,2020-12-28 00:46:48+00:00,0.00013475,1305.04681,2020-12-28 00:46:48+00:00,2026-09-06T12:27:20.000Z
295,Newton-Project,AB,AB,['https://coin-images.coingecko.com/coins/images/4376/large/400%E6%96%B9.png?1740377493'],0.00095387,94393441,292.0,94393441.0,717965.0,0.00095821,0.00094807,5.57e-06,0.83301,679111.0,0.72466,98823661261.46,98823661261.46,100000000000.0,0.01727373,-94.47794,2022-10-10 18:32:18+00:00,3.8e-06,24969.89754,2022-10-10 18:32:18+00:00,2026-09-06T12:27:20.000Z
296,Digibyte,DGB,DigiByte,['https://coin-images.coingecko.com/coins/images/63/large/digibyte.png?1696501454'],0.00508316,93902061,293.0,93906933.0,3337429.0,0.00528066,0.00483191,0.00010158,2.07151,1949369.0,2.11997,18459058959.29996,18460068627.66885,21000000000.0,0.178084,-97.14565,2015-01-13 16:00:00+00:00,3.099e-05,16304.35561,2015-01-13 16:00:00+00:00,2026-09-06T12:27:20.000Z
297,Qtum,QTUM,Qtum,['https://coin-images.coingecko.com/coins/images/684/large/Qtum_Logo_blue_CG.png?1696501874'],0.877821,93129054,294.0,94639315.0,1645614.0,0.885226,0.861861,0.00949723,1.0531,998973.0,1.08431,106101767.5,107822406.0,1000000000.0,100.22,-99.12414,2026-08-12 04:00:30+00:00,0.627909,39.8006,2026-08-12 04:00:30+00:00,2026-09-06T12:27:20.000Z
298,Reserve-Rights-Token,RSR,Reserve Rights,['https://coin-images.coingecko.com/coins/images/8365/large/RSR_Blue_Circle_1000.png?1721777856'],0.00146756,91808361,295.0,146768509.0,14952109.0,0.00148074,0.00139011,7.473e-05,5.25751,4682527.0,5.37444,62553174091.0,100000000000.0,100000000000.0,0.117424,-98.7502,2026-07-01 08:51:20+00:00,0.0010462,40.27475,2026-07-01 08:51:20+00:00,2026-09-06T12:27:20.000Z
299,Baby-Claw,BABYCLAW,Baby Claw,['https://coin-images.coingecko.com/coins/images/102172057/large/2.jpg?1771331936'],0.091376,91376294,247.5,91376294.0,5.43,0.32132,0.310197,0.000168735,0.6764749999999999,736179.0,0.695125,1000000000.0,1000000000.0,1000000000.0,0.00048369,18791.64389,2026-03-02 21:55:35+00:00,3.632e-05,251496.12852,2026-03-02 21:55:35+00:00,2026-03-20T21:06:00.000Z
300,0X,ZRX,0x Protocol,['https://coin-images.coingecko.com/coins/images/863/large/0x.png?1696501996'],0.106479,90395410,296.0,106548534.0,17948744.0,0.10678,0.103517,0.00250915,2.32394,2187638.0,2.4801,848396562.906836,1000000000.0,1000000000.0,2.5,-95.73561,2026-08-18 04:04:50+00:00,0.073101,45.66079,2026-08-18 04:04:50+00:00,2026-09-06T12:27:20.000Z
301,Mag7-Ssi,MAG7.SSI,MAG7.ssi,['https://coin-images.coingecko.com/coins/images/52962/large/mag7.png?1734863745'],0.535303,89911286,297.0,89911286.0,443068.0,0.536898,0.531299,0.00483363,0.89517,825526.0,0.92666,167937671.7776,167937671.7776,1000000000.0,1.35,-60.20349,2026-06-25 14:05:50+00:00,0.376104,42.32848,2026-06-25 14:05:50+00:00,2026-09-06T12:27:20.000Z
302,Pearl-2,PRL,Pearl,['https://coin-images.coingecko.com/coins/images/102173580/large/pearl.png?1780324634'],0.351039,89521035,298.0,737099715.0,329931.0,0.389196,0.350902,-0.028915195388548642,-7.59875,-7384725.472628325,-7.62052,255045783.0,2100000000.0,2100000000.0,0.739151,-52.50779,2026-07-23 01:44:40+00:00,0.139936,150.85719,2026-07-23 01:44:40+00:00,2026-09-06T12:27:20.000Z
303,Plume,PLUME,Plume,['https://coin-images.coingecko.com/coins/images/53623/large/PLUME_%281%29.png?1786085730'],0.01395664,89223565,299.0,139542072.0,9532417.0,0.01428038,0.01347435,0.00035785,2.63131,2272515.0,2.61356,6394026052.0,10000000000.0,10000000000.0,0.247537,-94.36179,2026-02-28 02:16:31+00:00,0.00854877,63.25905,2026-02-28 02:16:31+00:00,2026-09-06T12:27:20.000Z
304,Debridge,DBR,deBridge,['https://coin-images.coingecko.com/coins/images/38019/large/DBR_icon_Color.png?1724708885'],0.0149269,88509500,300.0,149288854.0,1495925.0,0.01540292,0.01450568,0.00044173,3.03032,2630659.0,3.06322,5928741329.0,10000000000.0,10000000000.0,0.05521,-72.96358,2026-04-19 22:24:00+00:00,0.01235762,20.79103,2026-04-19 22:24:00+00:00,2026-09-06T12:27:20.000Z
305,Ordinals,ORDI,ORDI,['https://coin-images.coingecko.com/coins/images/30162/large/ordi.png?1696529082'],4.19,88028429,301.0,88028429.0,15965023.0,4.28,4.12,0.080059,1.92043,1680230.0,1.94588,21000000.0,21000000.0,1000000000.0,95.52,-95.61163,2026-03-29 22:48:00+00:00,2.1,99.20624,2026-03-29 22:48:00+00:00,2026-09-06T12:27:20.000Z
306,Goldfish-Gold,GGBR,Goldfish Gold,['https://coin-images.coingecko.com/coins/images/102172212/large/goldfish_logo_200x200.png?1772212434'],4.37,87965812,302.0,109134190.0,81407.0,4.41,4.37,-0.024021175466849343,-0.68916,-285138.5591264218,-0.3231,20150837.196788374,25000000.0,1000000000.0,5.39,-19.02978,2026-09-01 07:44:20+00:00,1.85,136.43996,2026-09-01 07:44:20+00:00,2026-09-06T12:27:20.000Z
307,Nest-Blackopal-Liquidstone-Ii-Vault,NOPAL,Nest BlackOpal LiquidStone II Vault,['https://coin-images.coingecko.com/coins/images/70787/large/BlackOpal_Vault.png?1763752532'],1.094,87707869,303.0,87913278.0,5496987.5,1.094,1.093,0.000224,0.02049,601109.0,0.69008,80207944.880243,80178248.880243,1000000000.0,1.25,-12.21101,2026-06-15 19:19:20+00:00,0.958277,14.11166,2026-06-15 19:19:20+00:00,2026-09-06T12:27:20.000Z
308,Velo,VELO,Velo,['https://coin-images.coingecko.com/coins/images/12538/large/Logo_200x_200.png?1696512350'],0.00497834,87453413,304.0,119498122.0,1399238.0,0.00504093,0.00493706,-1.2759087123304e-05,-0.02814,-209647.98968353868,-0.23915,17563876115.0,23999637580.36017,1000000000.0,2.29,-99.78226,2022-12-19 17:50:14+00:00,0.00103046,383.11616,2022-12-19 17:50:14+00:00,2026-09-06T12:27:20.000Z
309,Nexus-4,NEX,Nexus,['https://coin-images.coingecko.com/coins/images/102173233/large/nexus.jpg?1778490588'],1.45e-06,87270515,305.0,145450859.0,357184.0,1.47e-06,1.44e-06,-1.4591992663e-08,-0.98986,-866029.5935421884,-0.9826,60000000000000.0,100000000000000.0,100000000000000.0,6.95e-06,-79.08071,2026-08-09 16:50:30+00:00,1.41e-06,3.12036,2026-08-09 16:50:30+00:00,2026-09-06T12:27:20.000Z
310,Pleasing-Gold,PGOLD,Pleasing Gold,['https://coin-images.coingecko.com/coins/images/70395/large/%E9%BB%84%E9%87%91.png?1761795141'],4442.45,86649720,306.0,86649720.0,1.99,4468.38,4420.66,0.000168735,0.6764749999999999,736179.0,0.695125,19505.05044,19505.05044,1000000000.0,5507.64,-19.34007,2026-04-23 14:05:00+00:00,23.41,18877.50054,2026-04-23 14:05:00+00:00,2026-09-06T12:27:20.000Z
311,Yzy,YZY,YZY,['https://coin-images.coingecko.com/coins/images/68439/large/yzy.png?1755756963'],0.288253,86177504,307.0,288253994.0,592.94,0.294153,0.288243,-1.6720575517104e-05,-0.00411,-4715.675146698952,-0.00547,298963599.78391504,999999393.260161,1000000000.0,2.95,-90.22211,2025-10-10 13:36:03+00:00,0.188434,52.9729,2025-10-10 13:36:03+00:00,2026-09-06T12:27:20.000Z
312,Cap-Usd,CUSD,Cap USD,['https://coin-images.coingecko.com/coins/images/68272/large/cUSD_ab_500%C3%97500.png?1755232868'],0.999891,85693374,308.0,85681027.0,5496987.5,0.999891,0.99985,4.096e-05,0.0041,-142360.36987160146,-0.16585,85702714.22824275,85690413.13977307,1000000000.0,1.17,-14.5605,2026-06-10 23:59:30+00:00,0.515274,94.05035,2026-06-10 23:59:30+00:00,2026-09-06T12:27:20.000Z
313,Unitywallet-Token,UNT,UnityWallet Token,['https://coin-images.coingecko.com/coins/images/71637/large/unity_wallet_logo.png?1768642266'],0.129259,85164437,309.0,129583972.0,31402.0,0.153578,0.118461,0.00164095,1.71284,1292203.0,1.54068,657214270.0538905,999999985.0538905,1000000000.0,0.153578,-15.83509,2026-02-05 16:30:17+00:00,0.04934818,161.93211,2026-02-05 16:30:17+00:00,2026-09-06T12:27:20.000Z
314,Gmx,GMX,GMX,['https://coin-images.coingecko.com/coins/images/18323/large/arbit.png?1696517814'],8.13,85056779,310.0,85056780.0,6326263.0,8.27,7.46,0.667407,8.80279,7012768.0,8.98566,10455481.4019936,10455481.63780485,13250000.0,91.07,-91.0705,2026-07-01 06:49:50+00:00,4.81,69.12069,2026-07-01 06:49:50+00:00,2026-09-06T12:27:20.000Z
315,Orca,ORCA,Orca,['https://coin-images.coingecko.com/coins/images/17547/large/Orca_Logo.png?1696517083'],1.4,84957295,315.0,104800769.0,19176322.0,1.41,1.27,0.121925,9.06744,7508673.0,9.69504,60798772.76017,74999541.097309,100000000.0,20.33,-93.13513,2022-06-19 11:34:08+00:00,0.351125,297.51596,2022-06-19 11:34:08+00:00,2026-09-06T12:27:20.000Z
316,O1-Exchange,O,o1.exchange,['https://coin-images.coingecko.com/coins/images/102173974/large/o1.png?1781654491'],0.530853,84942937,311.0,530893354.0,3053868.0,0.540765,0.517116,-0.003400743475782009,-0.64201,-537582.4998312593,-0.62889,160000000.0,1000000000.0,1000000000.0,0.941511,-43.61697,2026-06-17 15:39:40+00:00,0.334755,58.57919,2026-06-17 15:39:40+00:00,2026-09-06T12:27:20.000Z
317,Circle-Xstock,CRCLX,Circle xStock,['https://coin-images.coingecko.com/coins/images/66918/large/CRCLx.png?1751052233'],104.73,84910575,312.0,319881712.0,3260094.0,105.13,101.3,3.06,2.98325,2478041.0,3.00614,810811.9371220409,3054553.696804602,1000000000.0,257.13,-59.2692,2026-02-05 16:15:30+00:00,48.02,118.10742,2026-02-05 16:15:30+00:00,2026-09-06T12:27:20.000Z
318,Yearn-Finance,YFI,yearn.finance,['https://coin-images.coingecko.com/coins/images/11849/large/yearn.jpg?1696511720'],2336.49,84284712,313.0,85663260.0,17052663.0,2427.78,2291.94,48.74,2.05536,1752127.0,2.12295,36075.94701468851,36666.0,36666.0,90787.0,-97.4264,2020-07-18 04:26:27+00:00,31.65,7283.40813,2020-07-18 04:26:27+00:00,2026-09-06T12:27:20.000Z
319,Wrappedm-By-M0,WM,WrappedM by M0,['https://coin-images.coingecko.com/coins/images/55070/large/wm.jpg?1743589588'],0.999955,83915352,314.0,83895233.0,70388.0,1.0,0.99994,-0.000258676438080863,-0.02418,-39717.93521724641,-0.04731,83918880.196112,83918880.196112,1000000000.0,15.4,-93.5054,2025-09-20 04:44:48+00:00,0.969044,3.18983,2025-09-20 04:44:48+00:00,2026-09-06T12:27:20.000Z
320,Banana-For-Scale-2,BANANAS31,Banana For Scale,['https://coin-images.coingecko.com/coins/images/52230/large/Banana_token_image.png?1732801941'],0.00830515,83058416,316.0,83058416.0,4924351.0,0.00875757,0.00826775,-0.000370888655271909,-4.10636,-3701930.6502629966,-4.26685,10000000000.0,10000000000.0,10000000000.0,0.057741,-85.61644,2025-02-02 21:11:44+00:00,0.00072336,1048.13796,2025-02-02 21:11:44+00:00,2026-09-06T12:27:20.000Z
321,Bending-Spoons-Xstock,BSPX,Bending Spoons xStock,['https://coin-images.coingecko.com/coins/images/102174230/large/BSPx.png?1782604454'],40.0,83005800,315.0,83005800.0,66.34,40.0,40.0,0.000168735,0.6764749999999999,736179.0,0.695125,2075073.634063958,2075073.634063958,1000000000.0,58.64,-31.78843,2026-07-02 19:56:30+00:00,28.12,42.27159,2026-07-02 19:56:30+00:00,2026-09-06T08:01:40.000Z
322,Anonymous-Cat,ZCAT,Anonymous Cat,['https://coin-images.coingecko.com/coins/images/102176753/large/zcat.webp?1788637007'],0.085232,82493035,317.0,82493026.0,34431936.0,0.105253,0.02244425,0.000168735,0.6764749999999999,736179.0,0.695125,969073134.2052622,969073133.950771,1000000000.0,0.105253,-19.02187,2026-09-05 19:58:20+00:00,0.02244425,279.74774,2026-09-05 19:58:20+00:00,2026-09-06T12:27:20.000Z
323,Proton,XPR,XPR Network,['https://coin-images.coingecko.com/coins/images/10941/large/XPR.jpg?1696510891'],0.00286757,82172490,318.0,92889396.0,941330.0,0.00289925,0.00281535,3.489e-05,1.31063,1008594.0,1.24266,28652669445.0618,32389539911.0547,1000000000.0,0.100088,-97.13496,2023-10-19 02:05:22+00:00,0.00054716,424.07827,2023-10-19 02:05:22+00:00,2026-09-06T12:27:20.000Z
324,Usda-3,USDA,USDA,['https://coin-images.coingecko.com/coins/images/68094/large/IMG_0632.jpeg?1754724345'],0.94209,81954090,319.0,81954090.0,176263.0,0.944925,0.93557,0.00060084,0.10117,75383.0,0.09207,86967248.38104062,86967248.38104062,1000000000.0,1.19,-21.01569,2025-10-09 07:07:59+00:00,0.590562,59.52416,2025-10-09 07:07:59+00:00,2026-09-06T12:27:20.000Z
325,Beam-2,BEAM,Beam,['https://coin-images.coingecko.com/coins/images/32417/large/cgicon.png?1747892021'],0.00159399,81815442,320.0,93250425.0,4297076.0,0.00160518,0.00156654,2.6e-05,1.67185,1377372.0,1.71234,51300184687.0,58470184687.0,58470184687.0,0.04416304,-96.39068,2026-06-25 13:59:50+00:00,0.00121358,31.34563,2026-06-25 13:59:50+00:00,2026-09-06T12:27:20.000Z
326,Lobster-2,龙虾,龙虾 (Lobster),['https://coin-images.coingecko.com/coins/images/102172215/large/bvnt2zqtx33e6at5pm5marta4070.?1772252895'],0.082037,81486922,321.0,81486922.0,9534277.0,0.091273,0.080168,-0.004686696451428135,-6.37412,-5236834.706546709,-6.03852,1000000000.0,1000000000.0,1000000000.0,0.100567,-18.42507,2026-02-28 09:08:30+00:00,0.00145753,5528.50971,2026-02-28 09:08:30+00:00,2026-09-06T12:27:20.000Z
327,Gas,GAS,Gas,['https://coin-images.coingecko.com/coins/images/858/large/GAS_512_512.png?1696501992'],1.24,80724747,322.0,80724747.0,741975.0,1.25,1.23,-0.00311582139191291,-0.18501,-197931.72055731714,-0.24459,65093580.54427269,65093580.54427269,1000000000.0,91.94,-98.65123,2020-03-12 18:24:16+00:00,0.621309,99.58822,2020-03-12 18:24:16+00:00,2026-09-06T12:27:20.000Z
328,3Jane-Usd3,USD3,3Jane USD3,['https://coin-images.coingecko.com/coins/images/102176550/large/20.png?1788098498'],1.18,80515647,323.0,80514139.0,315151.0,1.18,1.18,0.00431136,0.36812,259320.0,0.32312,68086824.562073,68085917.599836,1000000000.0,1.19,-0.39432,2026-08-31 05:52:10+00:00,1.17,0.82315,2026-08-31 05:52:10+00:00,2026-09-06T12:27:20.000Z
329,Tagger,TAG,TAGGER,['https://coin-images.coingecko.com/coins/images/53206/large/IMG_3196.png?1735664645'],0.00073365,79858632,324.0,297370266.0,1755361.0,0.00074392,0.00071624,1.752e-05,2.18133,1896619.0,2.43275,108864805114.16998,405380800000.0,405380800000.0,0.00218685,-66.45174,2025-03-12 05:57:01+00:00,1.934e-05,3692.73658,2025-03-12 05:57:01+00:00,2026-09-06T12:27:20.000Z
330,F-X-Protocol-Fxusd,FXUSD,f(x) Protocol fxUSD,['https://coin-images.coingecko.com/coins/images/36202/large/fxUSD.jpg?1710833113'],0.999906,78874958,325.0,78878715.0,214233.0,1.001,0.999571,5.984e-05,0.0078,10379.97,0.01316,78882105.80265567,78885612.44903968,1000000000.0,1.038,-3.67254,2024-12-05 07:45:54+00:00,0.953062,4.91514,2024-12-05 07:45:54+00:00,2026-09-06T12:27:20.000Z
331,Targon,SN4,Targon,['https://coin-images.coingecko.com/coins/images/66342/large/sn4.png?1749239249'],14.08,78758267,326.0,78758267.0,362907.0,13.84,13.32,0.258699,1.87287,1557774.0,2.01783,5591869.932242583,5591869.932242583,21000000.0,39.23,-64.1023,2026-04-15 12:28:00+00:00,0.107935,12948.90966,2026-04-15 12:28:00+00:00,2026-09-06T12:27:20.000Z
332,Safe,SAFE,Safe,['https://coin-images.coingecko.com/coins/images/27032/large/Artboard_1_copy_8circle-1.png?1696526084'],0.098976,76751551,327.0,98995007.0,761425.0,0.099532,0.09681,0.00136334,1.35646,1072020.0,1.41653,775307296.0,1000000000.0,1000000000.0,3.56,-97.21852,2026-06-24 17:48:30+00:00,0.075294,31.45168,2026-06-24 17:48:30+00:00,2026-09-06T12:27:20.000Z
333,Na-Post-Settlement-Legal-Financing-Receivables,PC0000101,Tradable NA Post-Settlement Legal Financing Receivables,['https://coin-images.coingecko.com/coins/images/66791/large/tradable.jpg?1750576168'],1.0,76722081,328.0,76722081.0,5496987.5,1.0,1.0,0.0,0.0,0.0,0.0,76722080.574195,76722080.574195,100000000.0,1.0,0.0,2026-07-23 07:25:00+00:00,1.0,0.0,2026-07-23 07:25:00+00:00,2026-09-06T12:27:20.000Z
334,Exod,EXOD,EXOD,['https://coin-images.coingecko.com/coins/images/102171773/large/exodus.png?1769612116'],7.33,76541752,330.0,76541752.0,5496987.5,7.33,7.32,0.00252573,0.03448,26384.0,0.03448,10446000.0,10446000.0,10446000.0,13.09,-44.02311,2026-08-14 11:00:00+00:00,4.93,48.63493,2026-08-14 11:00:00+00:00,2026-09-06T12:27:20.000Z
335,Aioz-Network,AIOZ,AIOZ Network,['https://coin-images.coingecko.com/coins/images/14631/large/aioz-logo-200.png?1696514309'],0.059963,76505135,329.0,76512893.0,3156162.0,0.06016,0.056519,0.00311686,5.46854,3952946.0,5.44842,1276363296.5698273,1276498100.727482,1000000000.0,2.65,-97.73801,2023-09-13 11:20:42+00:00,0.01099588,445.32353,2023-09-13 11:20:42+00:00,2026-09-06T12:27:20.000Z
336,Arkham,ARKM,Arkham,['https://coin-images.coingecko.com/coins/images/30929/large/Arkham_Logo_CG.png?1696529771'],0.109719,76320320,332.0,109803210.0,6842892.0,0.110883,0.106332,0.00263683,2.57365,1891401.0,2.54122,695064568.0,1000000000.0,1000000000.0,3.98,-97.24052,2026-08-18 22:56:00+00:00,0.085376,28.51316,2026-08-18 22:56:00+00:00,2026-09-06T12:27:20.000Z
337,Cow-Protocol,COW,CoW Protocol,['https://coin-images.coingecko.com/coins/images/24384/large/CoW-token_logo.png?1719524382'],0.132837,76298392,333.0,132811076.0,3468831.0,0.134356,0.128238,0.00493089,3.81923,2817880.0,3.83487,574488169.0034184,1000000000.0,1000000000.0,2.22,-94.01436,2022-11-09 10:32:42+00:00,0.03987045,233.1714,2022-11-09 10:32:42+00:00,2026-09-06T12:27:20.000Z
338,Bulla-3,BULLA,BULLA,['https://coin-images.coingecko.com/coins/images/66398/large/hasb.png?1749288195'],0.076214,76258495,331.0,76258495.0,6326360.0,0.089724,0.058524,0.01413715,23.0443,14182062.0,22.84613,1000000000.0,1000000000.0,1000000000.0,0.490702,-84.46845,2026-06-06 05:10:00+00:00,0.00403668,1788.02856,2026-06-06 05:10:00+00:00,2026-09-06T12:27:20.000Z
339,Cygnus-Finance-Global-Usd,CGUSD,Cygnus Finance Global USD,['https://coin-images.coingecko.com/coins/images/35628/large/cgUSD.png?1709291316'],0.994581,75789941,334.0,75789941.0,3.45,0.99472,0.994552,-6.9361303482229e-05,-0.00529,-5036.4581295102835,-0.00664,76202639.644902,76202639.644902,1000000000.0,1.089,-8.63901,2025-09-29 08:58:56+00:00,0.724325,37.31139,2025-09-29 08:58:56+00:00,2026-09-06T12:27:20.000Z
340,Tradable-North-America-Pos-Lender-Sstn,PC0000019,Tradable North America PoS Lender SSTN,['https://coin-images.coingecko.com/coins/images/66800/large/tradable.jpg?1750576495'],1.0,75568634,335.0,75568634.0,5496987.5,1.0,1.0,0.0,0.0,0.0,0.0,75568634.0,75568634.0,150000000.0,1.0,0.0,2026-07-23 07:25:00+00:00,1.0,0.0,2026-07-23 07:25:00+00:00,2026-09-06T12:27:20.000Z
341,Rif-Token,RIF,Rootstock Infrastructure Framework,['https://coin-images.coingecko.com/coins/images/7460/large/8befc44a46c247e8a3f7fc8abba586b1_%283%29.png?1705501867'],0.075411,75478606,336.0,75478606.0,8016231.0,0.076323,0.072995,-0.000956769515165268,-1.27653,-889467.4190916419,-1.16471,1000000000.0,1000000000.0,1000000000.0,0.455938,-83.46018,2019-06-11 16:00:00+00:00,0.0091475,724.39252,2019-06-11 16:00:00+00:00,2026-09-06T12:27:20.000Z
342,Kaito,KAITO,KAITO,['https://coin-images.coingecko.com/coins/images/54411/large/Qm4DW488_400x400.jpg?1739552780'],0.31177,75242763,339.0,311707647.0,10278742.0,0.313876,0.307395,0.0008629,0.30162,193318.0,0.25759,241388889.0,1000000000.0,1000000000.0,2.88,-89.1907,2026-02-05 16:30:16+00:00,0.275928,12.9894,2026-02-05 16:30:16+00:00,2026-09-06T12:27:20.000Z
343,Superfarm,SUPER,SuperVerse,['https://coin-images.coingecko.com/coins/images/14040/large/SV-Logo-200x200.png?1706880312'],0.117528,75191381,338.0,117456334.0,4048990.0,0.12003,0.113402,0.00365452,3.09106,2293648.0,3.14639,640164549.0,1000000000.0,1000000000.0,4.74,-97.52126,2023-10-18 18:20:23+00:00,0.070397,66.9507,2023-10-18 18:20:23+00:00,2026-09-06T12:27:20.000Z
344,Baby-Doge-Coin,BABYDOGE,Baby Doge Coin,['https://coin-images.coingecko.com/coins/images/16125/large/babydoge.jpg?1696515731'],4.08886e-10,75104533,337.0,171567751.0,2889621.0,4.2125e-10,4.04707e-10,1.655e-12,0.86185,342012.0,0.45747,1.8385683683508554e+17,4.2e+17,4.2e+17,6.498e-09,-93.70728,2021-06-08 18:48:21+00:00,9.4771e-11,331.4474,2021-06-08 18:48:21+00:00,2026-09-06T12:27:20.000Z
345,Stronghold-Token,SHX,Stronghold,['https://coin-images.coingecko.com/coins/images/7427/large/Blue_Mark_-_White_BG.png?1696507700'],0.00408608,75088426,340.0,407503551.0,1526163.0,0.0041348,0.00353112,0.0005448,15.34394,10094105.0,15.53075,18379988467.29928,99747870079.0,100000000000.0,0.055673,-92.66056,2021-04-07 04:27:56+00:00,1.30103e-07,3140557.22609,2021-04-07 04:27:56+00:00,2026-09-06T12:27:20.000Z
346,Helio-Protocol-Hay,LISUSD,Lista USD,['https://coin-images.coingecko.com/coins/images/26947/large/Coingecko_profile_lisUSD_200x200_%281%29.png?1707363097'],0.997876,75018659,341.0,75018659.0,18443.19,0.998577,0.996007,-7.3209844937416e-05,-0.0086,-11025.909334227443,-0.0147,75186141.38800786,75186141.38800786,1000000000.0,2.0,-50.13943,2022-12-01 18:43:06+00:00,0.208609,378.34832,2022-12-01 18:43:06+00:00,2026-09-06T12:27:20.000Z
347,Tradable-Na-Neobank-Sstl,PC0000023,Tradable NA Neobank SSTL,['https://coin-images.coingecko.com/coins/images/66797/large/tradable.jpg?1750576441'],1.0,75000000,342.0,75000000.0,5496987.5,1.0,1.0,0.0,0.0,0.0,0.0,75000000.0,75000000.0,150000000.0,1.0,0.0,2026-07-23 07:25:00+00:00,1.0,0.0,2026-07-23 07:25:00+00:00,2026-09-06T12:27:20.000Z
348,Felix-Feusd,FEUSD,Felix feUSD,['https://coin-images.coingecko.com/coins/images/55068/large/feusd.jpg?1743581333'],0.997291,74800591,343.0,8874834726.0,204647.0,0.998919,0.991595,0.00172182,0.25865,128845.0,0.17255,75004069.0,8898976708.840786,1000000000.0,1.067,-6.53759,2025-10-10 13:28:16+00:00,0.705908,41.27771,2025-10-10 13:28:16+00:00,2026-09-06T12:27:20.000Z
349,Purr-2,PURR,Purr,['https://coin-images.coingecko.com/coins/images/37125/large/PURR_CG.png?1713368828'],0.125433,74609406,344.0,74609260.0,1841349.0,0.124716,0.112852,0.01208467,10.6426,7173659.0,10.63777,594939682.27137,594939129.72927,1000000000.0,0.690036,-81.82227,2025-12-18 12:07:22+00:00,0.04236339,196.08802,2025-12-18 12:07:22+00:00,2026-09-06T12:27:20.000Z
350,Adi-Token,ADI,ADI,['https://coin-images.coingecko.com/coins/images/68846/large/ADI_Token-min.png?1765296433'],7.94,74447920,345.0,7936495482.0,4462104.0,8.23,7.93,-0.2933310781324545,-3.59434,-2750928.428145334,-3.56343,9380452.631864548,999999999.0,999999999.0,8.72,-8.98487,2025-12-10 01:46:25+00:00,0.975425,713.63799,2025-12-10 01:46:25+00:00,2026-09-06T12:27:20.000Z
351,Usdsui,USDSUI,USDsui,['https://coin-images.coingecko.com/coins/images/70675/large/usdsui.png?1772769756'],1.0,74152763,346.0,74152763.0,2580084.0,1.005,0.996722,0.00014647,-0.05185,20657.0,0.02787,74111161.57,74111161.57,1000000000.0,1.021,-1.98764,2026-08-22 05:11:30+00:00,0.966852,3.47278,2026-08-22 05:11:30+00:00,2026-09-06T12:27:20.000Z
352,Midas-Mtbill,MTBILL,Midas mTBILL,['https://coin-images.coingecko.com/coins/images/37839/large/mTBILL_token.png?1728417279'],1.071,73756437,347.0,73756437.0,5496987.5,1.071,1.071,0.0,0.0,0.0,0.0,68857833.81403835,68857833.81403835,1000000000.0,1.18,-9.35963,2026-04-20 22:34:00+00:00,0.808522,32.48138,2026-04-20 22:34:00+00:00,2026-09-06T12:27:20.000Z
353,Microstrategy-Xstock,MSTRX,MicroStrategy xStock,['https://coin-images.coingecko.com/coins/images/55631/large/Ticker_MSTR__Company_Name_MicroStrategy__size_200x200_2x.png?1746862528'],144.84,73539235,348.0,196695932.0,2002380.0,145.18,142.25,2.59,1.8138,1322372.0,1.83111,507660.91974896524,1357844.391736233,1000000000.0,462.34,-68.67175,2026-06-29 00:39:20+00:00,80.66,79.57447,2026-06-29 00:39:20+00:00,2026-09-06T12:27:20.000Z
354,Crown-Brlv,BRLV,Crown BRLV,['https://coin-images.coingecko.com/coins/images/102172108/large/BRLV.png?1775604601'],0.195033,72913582,351.0,72913582.0,241.19,0.195053,0.195025,0.000168735,0.6764749999999999,736179.0,0.695125,373851732.8528299,373851732.8528299,1000000000.0,0.204863,-4.79822,2026-03-14 04:01:06+00:00,0.187398,4.0743,2026-03-14 04:01:06+00:00,2026-09-06T01:16:00.000Z
355,Kusama,KSM,Kusama,['https://coin-images.coingecko.com/coins/images/9568/large/m4zRhP5e_400x400.jpg?1696509648'],3.88,72903038,349.0,72903052.0,15344673.0,3.95,3.65,0.192282,5.68547,3629588.0,5.23951,18786821.06962689,18786824.63531473,1000000000.0,621.71,-99.37582,2020-01-14 11:20:20+00:00,0.876572,342.69441,2020-01-14 11:20:20+00:00,2026-09-06T12:27:20.000Z
356,Livepeer,LPT,Livepeer,['https://coin-images.coingecko.com/coins/images/7137/large/badge-logo-circuit-green.png?1719357686'],1.47,72829806,350.0,72829806.0,14226796.0,1.49,1.45,0.00734599,0.48193,364051.0,0.50238,49688954.55,49688954.55,1000000000.0,99.03,-98.51988,2019-10-26 14:59:09+00:00,0.354051,313.98979,2019-10-26 14:59:09+00:00,2026-09-06T12:27:20.000Z
357,Ai-Rig-Complex,ARC,AI Rig Complex,['https://coin-images.coingecko.com/coins/images/52701/large/u312bPNA_400x400.jpg?1734044765'],0.072739,72731981,351.0,72731981.0,3654764.0,0.075694,0.072265,-0.001738729976709583,-2.30468,-1744795.9016530514,-2.34274,999982718.635149,999982718.635149,1000000000.0,0.623197,-88.32804,2025-10-10 13:33:06+00:00,0.00987155,636.85859,2025-10-10 13:33:06+00:00,2026-09-06T12:27:20.000Z
358,Re,RE,RE,['https://coin-images.coingecko.com/coins/images/102173708/large/RE-Token.png?1781031591'],0.453688,72463304,352.0,454030726.0,3993991.0,0.458631,0.442619,-0.000145021309554072,-0.11893,31566.0,0.04358,159600000.0,1000000000.0,1000000000.0,1.079,-57.9376,2026-07-20 14:22:20+00:00,0.356989,27.08743,2026-07-20 14:22:20+00:00,2026-09-06T12:27:20.000Z
359,Matrixdock-Gold,XAUM,Matrixdock Gold,['https://coin-images.coingecko.com/coins/images/51962/large/xaum_200px_logo_1x.png?1733560735'],4426.13,72324151,354.0,72324151.0,512014.0,4434.93,4396.0,4.47,0.15143,113271.0,0.15686,16331.178372171,16331.178372171,1000000000.0,5574.96,-20.60698,2024-12-19 14:00:45+00:00,2563.55,72.65663,2024-12-19 14:00:45+00:00,2026-09-06T12:27:20.000Z
360,Fx-Usd-Saving,FXSAVE,f(x) USD Saving,['https://coin-images.coingecko.com/coins/images/67384/large/fxsave.jpg?1752628124'],1.12,72188832,356.0,72188832.0,32.61,1.12,1.12,0.000168735,0.6764749999999999,736179.0,0.695125,64697607.58485856,64697179.59580768,1000000000.0,4.68,-76.15877,2026-06-21 22:15:20+00:00,0.985404,13.23156,2026-06-21 22:15:20+00:00,2026-09-06T05:38:30.000Z
361,Zignaly,ZIG,ZIGChain,['https://coin-images.coingecko.com/coins/images/14796/large/ZIG_COIN_%281%29.png?1779272472'],0.051163,72100592,355.0,99990211.0,12542323.0,0.055552,0.04252964,0.00851904,19.96003,12017895.0,20.00226,1408940795.2396517,1953940795.2396517,2000000000.0,0.224179,-77.17764,2023-07-14 21:31:20+00:00,0.00428716,1093.39987,2023-07-14 21:31:20+00:00,2026-09-06T12:27:20.000Z
362,Sushi,SUSHI,Sushi,['https://coin-images.coingecko.com/coins/images/12271/large/512x512_Logo_no_chop.png?1696512101'],0.250739,71926132,353.0,73122362.0,127350382.0,0.281778,0.202648,0.04839541,24.60223,13904972.0,23.96535,286745777.58608264,291514753.9009228,1000000000.0,23.38,-98.92739,2026-06-25 13:59:50+00:00,0.139503,79.73746,2026-06-25 13:59:50+00:00,2026-09-06T12:27:20.000Z
363,Basecat,BASECAT,Basecat,['https://coin-images.coingecko.com/coins/images/102175780/large/zi54rndmdx59nblfgry3d1pyckch.?1787558766'],0.072006,71891240,356.0,71891240.0,21432643.0,0.079066,0.058817,0.00254973,5.40493,2434721.0,3.50539,1000000000.0,1000000000.0,1000000000.0,0.079066,-8.92889,2026-08-29 18:03:30+00:00,0.01689713,326.14476,2026-08-29 18:03:30+00:00,2026-09-06T12:27:20.000Z
364,Walrus-2,WAL,Walrus,['https://coin-images.coingecko.com/coins/images/54914/large/Walrus_Token_Full_Color_200x200.png?1772722407'],0.02780817,71283631,358.0,139022196.0,4900488.0,0.02772219,0.02666364,0.00083265,2.81465,2125152.0,3.07287,2563750000.0,5000000000.0,5000000000.0,0.759179,-96.33707,2026-08-14 15:06:00+00:00,0.02004864,38.70348,2026-08-14 15:06:00+00:00,2026-09-06T12:27:20.000Z
365,Theta-Fuel,TFUEL,Theta Fuel,['https://coin-images.coingecko.com/coins/images/8029/large/1_0YusgngOrriVg4ZYx4wOFQ.png?1696508251'],0.00952986,71152138,357.0,71156073.0,349580.0,0.00959307,0.009391,7.325e-05,1.03302,637490.0,0.90405,7457297300.0,7457752678.0,1000000000.0,0.68159,-98.60182,2020-03-12 18:30:37+00:00,0.00090804,949.49828,2020-03-12 18:30:37+00:00,2026-09-06T12:27:20.000Z
366,Tesla-Xstock,TSLAX,Tesla xStock,['https://coin-images.coingecko.com/coins/images/55638/large/Ticker_TSLA__Company_Name_Tesla_Inc.__size_200x200_2x.png?1746863299'],356.53,70841019,359.0,191507569.0,2581502.0,356.99,354.89,1.55,0.44182,307510.0,0.43598,198699.55352178437,537153.0358803747,1000000000.0,496.55,-28.19904,2025-07-07 06:00:30+00:00,292.26,21.99225,2025-07-07 06:00:30+00:00,2026-09-06T12:27:20.000Z
367,Spark-2,SPK,Spark,['https://coin-images.coingecko.com/coins/images/38637/large/Spark-Logomark-RGB.png?1744878896'],0.02210109,70701643,360.0,221171239.0,22586538.0,0.02334152,0.02058246,0.0013024,6.3751,4217454.0,6.34354,3196692445.3649178,10000000000.0,10000000000.0,0.184472,-88.0193,2026-08-19 07:36:10+00:00,0.01301419,69.82302,2026-08-19 07:36:10+00:00,2026-09-06T12:27:20.000Z
368,Comedian,BAN,Comedian,['https://coin-images.coingecko.com/coins/images/51100/large/ban.jpg?1730085215'],0.070573,70550805,361.0,70550805.0,5260027.0,0.070611,0.069439,0.00062024,0.8793,600386.0,0.8583,999961859.27,999961859.27,1000000000.0,0.37799,-81.32931,2024-10-28 20:34:36+00:00,0.00929085,659.60054,2024-10-28 20:34:36+00:00,2026-09-06T12:27:20.000Z
369,Ishares-Core-S-P-500-Etf-Ondo-Tokenized-Etf,IVVON,iShares Core S&P 500 ETF (Ondo Tokenized ETF),['https://coin-images.coingecko.com/coins/images/68650/large/ivvon_160x160.png?1756156270'],780.29,70377633,362.0,70377633.0,498395.0,781.58,779.25,-0.10640257139971254,0.00515,-1558.8445469737053,-0.00221,90184.18224040535,90184.18224040535,1000000000.0,797.15,-2.11566,2026-03-30 19:31:00+00:00,638.07,22.28895,2026-03-30 19:31:00+00:00,2026-09-06T12:27:20.000Z
370,Bedrock-Token,BR,Bedrock,['https://coin-images.coingecko.com/coins/images/54908/large/BR_200px.png?1742453499'],0.239501,69871398,363.0,239559081.0,2391548.0,0.299762,0.235623,-0.04516483834131363,-15.6415,-13156065.865513667,-15.84544,291666666.0,1000000000.0,1000000000.0,0.349123,-31.39932,2025-04-18 12:21:08+00:00,0.03920767,510.85171,2025-04-18 12:21:08+00:00,2026-09-06T12:27:20.000Z
371,Dexe,DEXE,DeXe,['https://coin-images.coingecko.com/coins/images/12713/large/DEXE_token_logo.png?1696512514'],1.98,69827055,364.0,191103452.0,11045444.0,2.07,1.97,-0.009861131030098003,-0.46999,-363919.07258179784,-0.51847,35261696.60097028,96504599.33609451,1000000000.0,48.91,-95.95017,2020-11-06 11:31:40+00:00,0.671563,194.94071,2020-11-06 11:31:40+00:00,2026-09-06T12:27:20.000Z
372,Swop-2,SWOP,Swop,['https://coin-images.coingecko.com/coins/images/66773/large/Group_1000007182_copy.png?1750487480'],0.00697502,69750168,357.0,69750168.0,244.27,0.32132,0.310197,0.000168735,0.6764749999999999,736179.0,0.695125,9999998190.509241,9999998190.509241,10000000000.0,0.01391529,-49.87516,2026-04-12 15:56:00+00:00,0.0060491,15.30672,2026-04-12 15:56:00+00:00,2026-09-05T10:40:50.000Z
373,Turbo,TURBO,Turbo,['https://coin-images.coingecko.com/coins/images/30117/large/TurboMark-QL_200.png?1708079597'],0.00101,69717118,365.0,69717118.0,5831789.0,0.00102534,0.00099493,-5.454999124255e-06,-0.58196,-349590.0181477964,-0.49894,69000000000.0,69000000000.0,69000000000.0,0.01431669,-92.94526,2023-09-26 13:46:54+00:00,6.518e-05,1449.58209,2023-09-26 13:46:54+00:00,2026-09-06T12:27:20.000Z
374,Bas,BAS,BNB Attestation Service,['https://coin-images.coingecko.com/coins/images/67419/large/bas.jpg?1752736026'],0.0277088,69274733,367.0,277098931.0,1394640.0,0.02810917,0.02760357,0.00010762,0.51765,271773.0,0.39386,2500000000.0,10000000000.0,10000000000.0,0.166539,-83.36196,2026-02-05 16:35:42+00:00,0.00259671,967.07404,2026-02-05 16:35:42+00:00,2026-09-06T12:27:20.000Z
375,Stau,STAU,STAU,['https://coin-images.coingecko.com/coins/images/52341/large/STAU.png?1742637079'],0.00692383,69268526,366.0,69268526.0,336750.0,0.00713506,0.00672581,0.0001746,2.58953,1776270.0,2.63181,10000000000.0,10000000000.0,10000000000.0,0.279,-97.51834,2026-02-01 19:41:04+00:00,0.00448904,54.23844,2026-02-01 19:41:04+00:00,2026-09-06T12:27:20.000Z
376,Funfair,FUN,FUNToken,['https://coin-images.coingecko.com/coins/images/761/large/FUN.png?1696501914'],0.00622106,69219641,368.0,69219641.0,1258053.0,0.00662324,0.00620177,-0.000321064742280449,-3.79382,-2742943.3420107663,-3.81162,10999873621.0,10999873621.0,1000000000.0,0.191066,-96.74402,2026-04-23 11:30:00+00:00,0.00031003,1906.63109,2026-04-23 11:30:00+00:00,2026-09-06T12:27:20.000Z
377,Story-2,DATA,Data Network,['https://coin-images.coingecko.com/coins/images/54035/large/CMC_%281%29.png?1782401376'],0.191744,69158901,370.0,199125848.0,1266315.0,0.197983,0.189307,0.00205692,1.10896,1183687.0,1.74135,358401952.0,1031928562.0,1000000000.0,14.78,-98.70292,2026-08-18 14:08:00+00:00,0.170065,12.7474,2026-08-18 14:08:00+00:00,2026-09-06T12:27:20.000Z
378,Cap-4,CAP,Cap,['https://coin-images.coingecko.com/coins/images/102174107/large/cap.jpg?1782391237'],0.04420984,68973808,369.0,442139798.0,10754887.0,0.04546878,0.04343176,-0.000292630729375652,-0.59926,-450047.6270980835,-0.64826,1560000000.0,10000000000.0,10000000000.0,0.078256,-43.50591,2026-07-12 06:06:30+00:00,0.01549444,185.32706,2026-07-12 06:06:30+00:00,2026-09-06T12:27:20.000Z
379,Apriori,APR,Capricorn,['https://coin-images.coingecko.com/coins/images/70220/large/capricorn.jpg?1786687781'],0.247684,68838415,371.0,247787321.0,6682118.0,0.25503,0.215052,0.01779602,7.67578,4972549.0,7.78593,277812500.0,1000000000.0,1000000000.0,0.73956,-66.50924,2026-02-05 16:25:06+00:00,0.064576,283.55241,2026-02-05 16:25:06+00:00,2026-09-06T12:27:20.000Z
380,Holotoken,HOT,Holo,['https://coin-images.coingecko.com/coins/images/3348/large/hot-mark-med.png?1747766692'],0.00038623,68379160,372.0,68379160.0,3224347.0,0.00038763,0.00037539,9.21e-06,2.45517,1412328.0,2.109,177619433541.1413,177619433541.1413,1000000000.0,0.03126682,-98.76472,2020-03-12 18:23:01+00:00,0.0002202,75.40188,2020-03-12 18:23:01+00:00,2026-09-06T12:27:20.000Z
381,Linea,LINEA,Linea,['https://coin-images.coingecko.com/coins/images/68507/large/linea-logo.jpeg?1756025484'],0.00277264,68011526,373.0,198523447.0,9730647.0,0.00282222,0.0026032,0.00017122,6.57859,4206146.0,6.59215,24527101521.37352,71593816498.0,72009990000.0,0.04666898,-94.05891,2026-08-19 06:14:40+00:00,0.00206952,33.97508,2026-08-19 06:14:40+00:00,2026-09-06T12:27:20.000Z
382,Midas-Fasanara-Global,MGLOBAL,Midas Fasanara Global,['https://coin-images.coingecko.com/coins/images/102172980/large/mglobal-Cm4yjVTI.png?1776956923'],1.017,67337941,375.0,67337941.0,5496987.5,1.017,1.017,0.0,0.0,0.0,0.0,66235380.78086266,66235380.78086266,1000000000.0,1.017,0.0,2026-07-23 04:25:10+00:00,1.006,1.08189,2026-07-23 04:25:10+00:00,2026-09-06T12:27:20.000Z
383,Ravedao,RAVE,RaveDAO,['https://coin-images.coingecko.com/coins/images/70544/large/coin.jpeg?1762452940'],0.252529,67127799,374.0,252560593.0,1122993.0,0.256809,0.24857,-0.000966888172648561,-0.72065,-248510.76482643187,-0.36884,265788888.0,1000000000.0,1000000000.0,28.1,-99.10147,2026-03-11 18:10:18+00:00,0.206266,22.42894,2026-03-11 18:10:18+00:00,2026-09-06T12:27:20.000Z
384,Saturn-Dollar,USDAT,Saturn Dollar,['https://coin-images.coingecko.com/coins/images/102172645/large/usdat.png?1774503009'],0.999497,66928566,376.0,66928566.0,3071705.0,1.0,0.999308,-2.1143145846225e-05,-0.00043,203564.0,0.30508,66962040.285967,66962040.285967,1000000000.0,1.042,-4.11842,2026-08-31 11:30:00+00:00,0.99684,0.26649,2026-08-31 11:30:00+00:00,2026-09-06T12:27:20.000Z
385,Tori-Trusd,TRUSD,Tori trUSD,['https://coin-images.coingecko.com/coins/images/102174232/large/trUSD.png?1782647856'],0.99985,66438773,377.0,66438773.0,79441.0,1.0,0.999747,-0.000132534379886917,-0.01122,-8792.39992468059,-0.01323,66448745.5894608,66448745.5894608,1000000000.0,1.001,-0.11284,2026-07-30 07:19:10+00:00,0.998868,0.09823,2026-07-30 07:19:10+00:00,2026-09-06T12:27:20.000Z
386,Hakimi,哈基米,哈基米 (Hajimi),['https://coin-images.coingecko.com/coins/images/69928/large/zcslpjiz4jgzaot9e2f7ltpvgge9.?1760046765'],0.066713,66235418,379.0,66235418.0,50642138.0,0.088229,0.01621305,0.04892975,271.53585,48452115.0,272.45846,1000000000.0,1000000000.0,1000000000.0,0.088229,-24.38673,2026-03-28 00:53:00+00:00,0.00446042,1395.66717,2026-03-28 00:53:00+00:00,2026-09-06T12:27:20.000Z
387,Numeraire,NMR,Numeraire,['https://coin-images.coingecko.com/coins/images/752/large/numeraire.png?1696501906'],9.54,66174180,378.0,101170397.0,29431668.0,10.97,9.24,0.201328,2.47221,1408543.0,2.17483,6933473.274202416,10600240.83667392,11000000.0,93.15,-89.75607,2018-11-26 16:00:00+00:00,2.06,362.26724,2018-11-26 16:00:00+00:00,2026-09-06T12:27:20.000Z
388,Wormhole,W,Wormhole,['https://coin-images.coingecko.com/coins/images/35087/large/W_Token_%283%29.png?1758122686'],0.01026271,66139610,380.0,102604504.0,5388398.0,0.01040793,0.0098438,0.0002907,2.73514,1873864.0,2.9158,6446072760.0,10000000000.0,10000000000.0,1.66,-99.38091,2026-07-31 14:10:50+00:00,0.00782451,31.16104,2026-07-31 14:10:50+00:00,2026-09-06T12:27:20.000Z
389,Metal-Blockchain,METAL,Metal Blockchain,['https://coin-images.coingecko.com/coins/images/27222/large/MB-Logo.png?1710514210'],0.129853,65933764,381.0,86588639.0,565503.0,0.130949,0.128307,0.00125583,0.9707,652955.0,1.00022,507639839.0528356,666666666.0,666666666.0,1.65,-92.12608,2024-08-04 22:56:59+00:00,0.03510303,269.91826,2024-08-04 22:56:59+00:00,2026-09-06T12:27:20.000Z
390,Mindwavedao,NILA,MindWaveDAO,['https://coin-images.coingecko.com/coins/images/55467/large/NILA.png?1746206480'],0.078222,65923200,382.0,82682773.0,291903.0,0.078431,0.078066,1.883e-05,0.01583,16086.99,0.02441,842766176.55,1057021569.0,1057021569.0,0.39007,-79.94662,2025-09-26 18:45:46+00:00,0.0014606,5255.47188,2025-09-26 18:45:46+00:00,2026-09-06T12:27:20.000Z
391,Prize-Protocol,PRIZE,Prize Protocol,['https://coin-images.coingecko.com/coins/images/102173006/large/PrizeProtocolLogoHighRes.png?1777125639'],0.00122968,65567890,383.0,122968612.0,8223.75,0.00150186,0.00118419,4.86e-05,4.14745,2591705.0,4.11537,53320833333.333336,99999997704.8605,100000000000.0,0.00150186,-18.12259,2026-06-06 04:46:45+00:00,0.0005997,105.0511,2026-06-06 04:46:45+00:00,2026-09-06T12:27:20.000Z
392,Tradable-Eu-Latam-Pos-Financing-Sstl,PC0000049,Tradable Eu/LatAm PoS Financing SSTL,['https://coin-images.coingecko.com/coins/images/66794/large/tradable.jpg?1750576332'],1.0,65300000,384.0,65300000.0,5496987.5,1.0,1.0,0.0,0.0,0.0,0.0,65300000.0,65300000.0,100000000.0,1.0,0.0,2026-07-23 07:25:00+00:00,1.0,0.0,2026-07-23 07:25:00+00:00,2026-09-06T12:27:20.000Z
393,Dola-Usd,DOLA,DOLA,['https://coin-images.coingecko.com/coins/images/14287/large/dola.png?1696513984'],0.997431,65256023,385.0,102604130.0,1329119.0,0.997762,0.996822,-7.9577390790786e-05,-0.00577,-5006.195676624775,-0.00767,65423919.14797836,102868118.240939,1000000000.0,1.87,-46.72147,2024-02-10 15:55:20+00:00,0.088407,1028.2315,2024-02-10 15:55:20+00:00,2026-09-06T12:27:20.000Z
394,Ondo-U-S-Dollar-Token,USDON,Ondo U.S. Dollar Token,['https://coin-images.coingecko.com/coins/images/68688/large/usdon_160x160.png?1756268513'],1.0,65152625,386.0,65363333.0,5496987.5,1.0,1.0,0.0,0.0,236418.0,0.36419,65152625.37926754,65220313.01976775,1000000000.0,1.091,-8.32354,2026-05-23 21:54:00+00:00,0.935065,6.94446,2026-05-23 21:54:00+00:00,2026-09-06T12:27:20.000Z
395,Escoin-Token,ELG,Escoin,['https://coin-images.coingecko.com/coins/images/13566/large/escoin-200.png?1696513320'],0.29141,64952234,387.0,72852860.0,192529.0,0.29147,0.141977,-3.7359008885962e-05,-0.01113,-8113.46543802321,-0.01249,222888413.08959576,250000000.0,1000000000.0,3.61,-91.92785,2021-01-10 08:54:16+00:00,0.00064644,44979.1779,2021-01-10 08:54:16+00:00,2026-09-06T12:27:20.000Z
396,Soon-2,SOON,SOON,['https://coin-images.coingecko.com/coins/images/55124/large/red_2.PNG?1743843131'],0.190753,64816804,388.0,2099754452.0,4778359.0,0.194386,0.188404,0.00147403,0.90523,501537.0,0.77981,339791742.36,11007627367.45998,1000000000.0,4.3,-95.56463,2026-04-10 01:07:00+00:00,0.100892,89.06601,2026-04-10 01:07:00+00:00,2026-09-06T12:27:20.000Z
397,Redstone-Oracles,RED,RedStone,['https://coin-images.coingecko.com/coins/images/53640/large/RedStone_Logo_New_White.png?1740640919'],0.128593,64799800,389.0,128584549.0,2651646.0,0.131033,0.124494,0.00244376,1.94397,1358140.0,2.14077,503947014.0,1000000000.0,1000000000.0,0.932461,-86.20928,2026-08-17 10:25:20+00:00,0.082386,56.08636,2026-08-17 10:25:20+00:00,2026-09-06T12:27:20.000Z
398,Ecomi,OMI,ECOMI,['https://coin-images.coingecko.com/coins/images/4428/large/ECOMI.png?1696505023'],0.00023872,64672706,391.0,74203692.0,623805.0,0.00023906,0.00023354,1.73e-06,0.74202,458710.0,0.71435,270951644947.0,310882499574.018,750000000000.0,0.01343572,-98.22324,2019-11-04 02:52:42+00:00,3.37e-06,6981.71045,2019-11-04 02:52:42+00:00,2026-09-06T12:27:20.000Z
399,Midas-Mf-One,MF-ONE,Midas mF-ONE,['https://coin-images.coingecko.com/coins/images/66975/large/mfone-logo.png?1751307469'],1.12,64652914,392.0,64652914.0,5496987.5,1.12,1.12,9.123e-05,0.00814,5261.16,0.00814,57671512.99113765,57671512.99113765,1000000000.0,1.14,-1.66771,2025-07-21 03:10:08+00:00,1.008,11.19407,2025-07-21 03:10:08+00:00,2026-09-06T12:27:20.000Z
400,Anvil,ANVL,Anvil,['https://coin-images.coingecko.com/coins/images/50825/large/anvil.png?1744709012'],0.00073226,64503959,393.0,73232385.0,89258.0,0.00075014,0.00071777,1.799e-05,2.51886,1590095.0,2.52742,88081193769.55038,100000000000.0,100000000000.0,0.00929021,-92.11791,2025-10-11 05:10:55+00:00,2.512e-05,2814.54199,2025-10-11 05:10:55+00:00,2026-09-06T12:27:20.000Z
401,Spacex-Bstocks-Tokenized-Stock,SPCXB,SpaceX (bStocks Tokenized Stock),['https://coin-images.coingecko.com/coins/images/102173888/large/bstocks_spacex.png?1781280362'],150.38,64474940,390.0,64475165.0,21409835.0,151.25,148.72,1.15,0.77206,676947.0,1.06108,428757.58111052,428758.8639372,1000000000.0,229.67,-34.52461,2026-08-03 13:30:40+00:00,105.76,42.18199,2026-08-03 13:30:40+00:00,2026-09-06T12:27:20.000Z
402,Book-Of-Meme,BOME,BOOK OF MEME,['https://coin-images.coingecko.com/coins/images/36071/large/bome.png?1710407255'],0.00092628,63897706,394.0,63897706.0,86619690.0,0.00104137,0.00085,6.894e-05,8.04135,4741535.0,8.01528,68999659569.0,68999659569.0,68999659569.0,0.02688878,-96.55514,2024-03-14 02:17:29+00:00,5.848e-05,1483.8599,2024-03-14 02:17:29+00:00,2026-09-06T12:27:20.000Z
403,Nexpace,NXPC,Nexpace,['https://coin-images.coingecko.com/coins/images/55703/large/wk63iOZz_400x400.png?1747126039'],0.209744,63771881,395.0,208595538.0,3549852.0,0.210305,0.206441,0.00127008,0.60923,384412.0,0.60645,304054865.5175758,994552574.1697733,1000000000.0,3.77,-94.44206,2026-08-14 03:48:50+00:00,0.17425,20.3695,2026-08-14 03:48:50+00:00,2026-09-06T12:27:20.000Z
404,Peaq-2,PEAQ,peaq,['https://coin-images.coingecko.com/coins/images/51415/large/peaq-token-brand-icon_%281%29.png?1731122664'],0.02516349,62888496,396.0,111732320.0,1275701.0,0.0262531,0.02463791,-0.000876506611817523,-3.366,-2195900.2344687358,-3.37393,2499832326.020258,4441381091.232062,5667620228.64,0.750473,-96.64698,2026-03-14 08:10:36+00:00,0.01224257,105.54098,2026-03-14 08:10:36+00:00,2026-09-06T12:27:20.000Z
405,Berachain-Bera,BERA,Berachain,['https://coin-images.coingecko.com/coins/images/25235/large/BERA.png?1738822008'],0.18837,62636199,397.0,105157254.0,7419591.0,0.1912,0.183002,0.0052437,2.86343,4176076.0,7.14346,332602342.9444748,558395398.5000304,1000000000.0,14.83,-98.72957,2026-08-14 15:20:40+00:00,0.137662,36.83538,2026-08-14 15:20:40+00:00,2026-09-06T12:27:20.000Z
406,Goplus-Security,GPS,GoPlus Security,['https://coin-images.coingecko.com/coins/images/53686/large/Separate_logo%EF%BC%88green%EF%BC%89.png?1737033911'],0.01069864,62414465,398.0,106923313.0,3701475.0,0.01067339,0.0102508,5.53e-05,0.51953,285946.0,0.46025,5837311111.239091,10000000000.0,10000000000.0,0.2198,-95.13256,2025-12-18 11:58:16+00:00,0.00441135,142.52521,2025-12-18 11:58:16+00:00,2026-09-06T12:27:20.000Z
407,Royal-Euro,REUR,Royal Euro,['https://coin-images.coingecko.com/coins/images/102172401/large/REUR_logo_200x200_px.png?1773503207'],4.13,62008637,348.0,20669545573.0,19804868.0,0.32132,0.310197,0.000168735,0.6764749999999999,736179.0,0.695125,15000000.0,5000000000.0,1000000000.0,4.13,-0.00868,2026-06-23 12:49:00+00:00,0.348874,1084.9285,2026-06-23 12:49:00+00:00,2026-06-29T19:55:10.000Z
408,Midas-Fasanara-Global-Open,MGLO,Midas Fasanara Global Open,['https://coin-images.coingecko.com/coins/images/102174031/large/mglobal-Cm4yjVTI.png?1781967852'],1.0,61003135,399.0,61003135.0,5496987.5,1.0,1.0,0.0,0.0,0.0,0.0,61003135.38975101,61003135.38975101,1000000000.0,1.0,0.0,2026-07-23 07:25:00+00:00,1.0,0.0,2026-07-23 07:25:00+00:00,2026-09-06T12:27:20.000Z
409,Allora,ALLO,Allora,['https://coin-images.coingecko.com/coins/images/70609/large/allo-token.png?1763451165'],0.243628,60904072,400.0,192000985.0,2499363.0,0.249413,0.244034,-0.003868676154387324,-1.56313,-966928.640725024,-1.56281,249998281.95662904,788123140.9176962,1000000000.0,1.6,-84.75309,2026-02-05 16:25:34+00:00,0.04768726,410.88602,2026-02-05 16:25:34+00:00,2026-09-06T12:27:20.000Z
410,Diem,DIEM,Diem,['https://coin-images.coingecko.com/coins/images/68436/large/DIEM_SeaMid_-_200px.png?1755734213'],1640.54,60708926,401.0,60708935.0,191477.0,1700.03,1590.34,-46.26429486841266,-2.74272,-1685462.7409793884,-2.70131,37005.59220219603,37005.59795469949,1000000000.0,1908.3,-14.03117,2025-11-21 09:22:57+00:00,80.54,1936.94822,2025-11-21 09:22:57+00:00,2026-09-06T12:27:20.000Z
411,Meme-Horse,MHORSE,MEME HORSE,['https://coin-images.coingecko.com/coins/images/102171984/large/1000322552.png?1770837497'],0.060557,60557198,402.0,60557198.0,46748.0,0.060565,0.060547,7.78e-06,0.01286,8019.26,0.01324,999999999.0,999999999.0,1000000000.0,0.120745,-49.84731,2026-02-11 20:39:52+00:00,0.01028842,488.59356,2026-02-11 20:39:52+00:00,2026-09-06T12:27:20.000Z
412,Espresso,ESP,Espresso,['https://coin-images.coingecko.com/coins/images/67626/large/espresso.jpg?1753324525'],0.089607,59904710,403.0,323424386.0,2401154.0,0.090894,0.08558,0.00107957,1.21948,731062.0,1.23545,668586960.9904461,3601379682.0,1000000000.0,0.217368,-58.77642,2026-02-15 11:15:15+00:00,0.05223,71.56175,2026-02-15 11:15:15+00:00,2026-09-06T12:27:20.000Z
413,Qubic-Network,QUBIC,Qubic,['https://coin-images.coingecko.com/coins/images/32949/large/qubic_logo_new.png?1755496837'],4.21574e-07,59890641,405.0,74584003.0,780304.0,4.26963e-07,4.14777e-07,3.267e-09,0.78089,462253.0,0.77783,142068835788156.0,176923511873269.0,200000000000000.0,1.256e-05,-96.64396,2026-06-26 03:51:30+00:00,3.6533e-07,15.39526,2026-06-26 03:51:30+00:00,2026-09-06T12:27:20.000Z
414,Chainopera-Ai,COAI,ChainOpera AI,['https://coin-images.coingecko.com/coins/images/69447/large/coai.png?1758625501'],0.317913,59765606,404.0,317901993.0,1397780.0,0.320413,0.311,-0.001672195497188333,-0.52324,-316398.62794501334,-0.52661,188000098.0,1000000000.0,1000000000.0,43.81,-99.27439,2025-09-26 07:57:34+00:00,0.138148,130.12432,2025-09-26 07:57:34+00:00,2026-09-06T12:27:20.000Z
415,Bio-Protocol,BIO,Bio Protocol,['https://coin-images.coingecko.com/coins/images/53022/large/bio.jpg?1735011002'],0.02782379,59674906,406.0,92362705.0,10157794.0,0.02820723,0.02749212,0.00037847,1.37899,803892.0,1.36551,2145029070.25,3320000000.0,3320000000.0,0.888995,-96.8702,2026-03-29 22:49:00+00:00,0.01580293,76.06728,2026-03-29 22:49:00+00:00,2026-09-06T12:27:20.000Z
416,Oasis-Network,ROSE,Oasis,['https://coin-images.coingecko.com/coins/images/13162/large/200x200_%28Rounded%29.png?1743579893'],0.00735636,59165145,407.0,73593410.0,7297222.0,0.00753508,0.00667014,0.00063795,9.49555,5153332.0,9.54112,8039462362.0,10000000000.0,10000000000.0,0.597347,-98.76849,2026-07-28 01:08:40+00:00,0.00501758,46.61183,2026-07-28 01:08:40+00:00,2026-09-06T12:27:20.000Z
417,Skyai,SKYAI,SkyAI,['https://coin-images.coingecko.com/coins/images/55294/large/1.png?1745517593'],0.058397,58291808,408.0,58291808.0,7726450.0,0.061613,0.057969,-0.000949523876337316,-1.59998,-958340.7541783452,-1.61745,998384105.0942049,998384105.0942049,1000000000.0,0.855653,-93.17521,2025-10-10 17:55:44+00:00,0.01433298,307.42771,2025-10-10 17:55:44+00:00,2026-09-06T12:27:20.000Z
418,Kinetiq,KNTQ,Kinetiq,['https://coin-images.coingecko.com/coins/images/70252/large/kntq.png?1761279547'],0.207089,58083600,409.0,207089236.0,526941.0,0.206944,0.199817,0.00573984,2.85069,1609964.0,2.85082,280476190.48,1000000000.0,1000000000.0,0.376888,-45.05289,2025-12-17 19:22:13+00:00,0.03578417,478.71667,2025-12-17 19:22:13+00:00,2026-09-06T12:27:20.000Z
419,Zetachain,ZETA,ZetaChain,['https://coin-images.coingecko.com/coins/images/26718/large/Twitter_icon.png?1696525788'],0.03610738,58029735,410.0,75828328.0,13115661.0,0.03619386,0.03441647,0.00112656,3.22051,1812643.0,3.22436,1607083333.0,2100000000.0,2100000000.0,2.85,-98.73463,2026-08-14 10:00:10+00:00,0.02663576,35.5598,2026-08-14 10:00:10+00:00,2026-09-06T12:27:20.000Z
420,Vaneck-Treasury-Fund,VBILL,VanEck Treasury Fund,['https://coin-images.coingecko.com/coins/images/56023/large/vbill_200.png?1748092620'],1.0,57859041,411.0,57859041.0,5496987.5,1.0,1.0,0.0,0.0,0.0,0.0,57859041.049655,57859041.049655,1000000000.0,1.0,0.0,2026-07-23 07:25:00+00:00,1.0,0.0,2026-07-23 07:25:00+00:00,2026-09-06T12:27:20.000Z
421,Tradable-Na-Legal-Receivables-Ssl,PC0000081,Tradable NA Legal Receivables SSL,['https://coin-images.coingecko.com/coins/images/66799/large/tradable.jpg?1750576475'],1.0,57132381,412.0,57132381.0,5496987.5,1.0,1.0,0.0,0.0,0.0,0.0,57132381.03,57132381.03,125000000.0,1.0,0.0,2025-07-03 02:25:11+00:00,0.999999,0.0001,2025-07-03 02:25:11+00:00,2026-09-06T12:27:20.000Z
422,Pharos-Network,PROS,Pharos,['https://coin-images.coingecko.com/coins/images/102172947/large/pharos_400x400.jpg?1776780623'],0.419843,56931124,413.0,419846045.0,963177.0,0.422398,0.410479,0.00454929,1.09544,617235.0,1.09606,135600000.0,1000000000.0,1000000000.0,1.13,-62.9712,2026-07-21 00:12:30+00:00,0.31773,32.13852,2026-07-21 00:12:30+00:00,2026-09-06T12:27:20.000Z
423,Kava,KAVA,Kava,['https://coin-images.coingecko.com/coins/images/9761/large/kava.png?1696509822'],0.052367,56715351,414.0,56715351.0,9281047.0,0.052381,0.050182,0.00256001,5.13984,2781873.0,5.15797,1082846942.0,1082846942.0,1000000000.0,9.12,-99.42581,2026-06-06 05:04:15+00:00,0.03967785,31.98075,2026-06-06 05:04:15+00:00,2026-09-06T12:27:20.000Z
424,Jelly-My-Jelly,JELLYJELLY,Jelly-My-Jelly,['https://coin-images.coingecko.com/coins/images/54087/large/jellyjelly-logo.webp?1738218050'],0.056583,56583217,415.0,56583217.0,3854526.0,0.057372,0.056457,-0.000140908217476712,-0.24841,-140525.1960793808,-0.24774,999999099.34,999999099.34,1000000000.0,0.473157,-88.0414,2025-03-10 14:26:21+00:00,0.00372817,1417.71122,2025-03-10 14:26:21+00:00,2026-09-06T12:27:20.000Z
425,Temple,TEMPLE,TempleDAO,['https://coin-images.coingecko.com/coins/images/20040/large/LPK15ZOW_400x400.jpg?1696519459'],2.38,56463439,416.0,56575978.0,31688.0,2.5,2.35,0.03025375,1.28741,716676.0,1.28559,23722422.590706144,23769704.54225455,1000000000.0,4.11,-42.1273,2023-03-19 02:06:55+00:00,0.186329,1177.42267,2023-03-19 02:06:55+00:00,2026-09-06T12:27:20.000Z
426,Zilliqa,ZIL,Zilliqa,['https://coin-images.coingecko.com/coins/images/2687/large/Zilliqa-logo.png?1696503475'],0.00289311,56402112,418.0,59459143.0,10712115.0,0.00290041,0.00278392,0.00010682,3.83374,2031678.0,3.73673,19513551525.0,20571235669.91052,21000000000.0,0.255376,-98.86712,2026-08-18 03:33:50+00:00,0.0021856,32.3713,2026-08-18 03:33:50+00:00,2026-09-06T12:27:20.000Z
427,Troll-2,TROLL,TROLL,['https://coin-images.coingecko.com/coins/images/55282/large/Untitled_design.png?1777015928'],0.056553,56379498,417.0,56379498.0,7263771.0,0.06596,0.053952,-0.009301005406064329,-14.12358,-9393897.692911431,-14.28221,998769544.026577,998769544.022128,1000000000.0,0.282604,-79.98844,2025-04-21 19:50:51+00:00,0.00387003,1361.31615,2025-04-21 19:50:51+00:00,2026-09-06T12:27:20.000Z
428,Lab,LAB,LAB,['https://coin-images.coingecko.com/coins/images/70014/large/lab.png?1760352822'],0.072844,56343779,419.0,72650762.0,7642501.0,0.075802,0.072149,-0.001407125452613914,-1.89509,-1241241.056398861,-2.15549,775542856.0,1000000000.0,1000000000.0,27.48,-99.73487,2026-08-22 05:12:40+00:00,0.061188,19.04922,2026-08-22 05:12:40+00:00,2026-09-06T12:27:20.000Z
429,Jpycoin,JPYC,JPY Coin,['https://coin-images.coingecko.com/coins/images/70314/large/JPYC_400x400.jpg?1761556080'],0.00637835,56164537,420.0,56164537.0,51632.0,0.0063901,0.00636566,-7.438425926974e-06,-0.11648,-65404.79484388232,-0.11632,8805482436.95474,8805482436.95474,1000000000.0,0.00675991,-5.64452,2026-06-26 05:29:30+00:00,0.00530387,20.25832,2026-06-26 05:29:30+00:00,2026-09-06T12:27:20.000Z
430,Ontology,ONT,Ontology,['https://coin-images.coingecko.com/coins/images/3447/large/ONT.png?1696504138'],0.056132,56135219,421.0,56135219.0,3750360.0,0.057139,0.055602,-2.7603370256132e-05,-0.04915,-24727.400039955974,-0.04403,1000000000.0,1000000000.0,1000000000.0,10.92,-99.48599,2026-08-14 10:02:50+00:00,0.03480475,61.27784,2026-08-14 10:02:50+00:00,2026-09-06T12:27:20.000Z
431,Ald,ALD,ALD,['https://coin-images.coingecko.com/coins/images/102174845/large/175553.jpg?1785084640'],0.055749,55762951,422.0,55762951.0,504168.0,0.057301,0.055155,-0.000634416223803433,-1.12518,-620775.0965959504,-1.10098,1000000000.0,1000000000.0,1000000000.0,0.064563,-13.65124,2026-07-29 14:39:50+00:00,0.03007515,85.36667,2026-07-29 14:39:50+00:00,2026-09-06T12:27:20.000Z
432,Sp500-Xstock,SPYX,SP500 xStock,['https://coin-images.coingecko.com/coins/images/66695/large/Ticker_SPX__Company_Name_SP500__size_200x200_2x.png?1750266819'],776.13,55737469,423.0,206772669.0,31742465.0,777.44,774.72,1.33,0.17167,89899.0,0.16155,71822.25834583277,266443.3861591,1000000000.0,783.63,-0.95806,2025-07-02 15:29:47+00:00,614.77,26.24725,2025-07-02 15:29:47+00:00,2026-09-06T12:27:20.000Z
433,Based-Brett,BRETT,Brett,['https://coin-images.coingecko.com/coins/images/35529/large/1000050750.png?1709031995'],0.0055868,55407024,424.0,55407024.0,5183168.0,0.00566803,0.00512158,0.00048846,9.58086,4884497.0,9.66796,9909604419.987701,9909604419.987701,9999998988.0,0.234204,-97.61456,2024-02-29 00:40:24+00:00,0.00084753,559.18902,2024-02-29 00:40:24+00:00,2026-09-06T12:27:20.000Z
434,Venus,XVS,Venus,['https://coin-images.coingecko.com/coins/images/12677/large/XVS_Token.jpg?1727454303'],3.27,55217397,425.0,97394306.0,2227018.0,3.39,3.14,-0.0381630849184722,-1.15268,-615698.7136635706,-1.10275,16863895.856977146,29745107.91704284,30000000.0,146.82,-97.77101,2020-10-05 21:02:54+00:00,1.65,97.8895,2020-10-05 21:02:54+00:00,2026-09-06T12:27:20.000Z
435,Enjincoin,ENJ,Enjin Coin,['https://coin-images.coingecko.com/coins/images/1102/large/Symbol_Only_-_Purple.png?1709725966'],0.02759354,55115957,426.0,55725329.0,7701514.0,0.02811137,0.02710343,0.00033923,1.24468,667859.0,1.2266,1998040715.880331,2020131420.694778,1000000000.0,4.82,-99.42744,2026-03-07 22:25:21+00:00,0.01740499,58.53812,2026-03-07 22:25:21+00:00,2026-09-06T12:27:20.000Z
436,Standx-Dusd,DUSD,StandX DUSD,['https://coin-images.coingecko.com/coins/images/55984/large/output-onlinepngtools.png?1747932126'],0.99923,54953246,427.0,54953250.0,84234.0,1.0,0.999021,5.758e-05,0.00576,-6862.919027030468,-0.01249,54994157.932872,54994161.287933,1000000000.0,1.039,-3.86636,2026-07-14 15:22:10+00:00,0.880149,13.52973,2026-07-14 15:22:10+00:00,2026-09-06T12:27:20.000Z
437,Axelar,AXL,Axelar,['https://coin-images.coingecko.com/coins/images/27277/large/V-65_xQ1_400x400.jpeg?1696526329'],0.04464346,54945887,428.0,55836750.0,2024569.0,0.04468487,0.04366095,0.00073172,1.66634,11932216.0,27.74052,1233236481.08219,1253239762.701611,1000000000.0,2.64,-98.31146,2026-08-19 05:58:40+00:00,0.03438952,29.81706,2026-08-19 05:58:40+00:00,2026-09-06T12:27:20.000Z
438,Nervos-Network,CKB,Nervos Network,['https://coin-images.coingecko.com/coins/images/9566/large/Nervos_White.png?1696509646'],0.00110458,54628671,429.0,55560480.0,2451144.0,0.0011303,0.00108491,2.763e-05,2.56561,1359608.0,2.55234,49468894036.44694,50312859745.94936,1000000000.0,0.04370633,-97.47272,2026-08-14 12:42:10+00:00,0.00079635,38.706,2026-08-14 12:42:10+00:00,2026-09-06T12:27:20.000Z
439,Fonq,FONQ,FONQ,['https://coin-images.coingecko.com/coins/images/102173670/large/IMG_6664.png?1780833027'],0.077778,54409842,430.0,54409842.0,60926.0,0.077889,0.076302,0.00081552,1.05963,536042.0,0.995,700000000.0,700000000.0,700000000.0,0.08965,-13.2422,2026-08-03 07:09:30+00:00,0.04096578,89.86111,2026-08-03 07:09:30+00:00,2026-09-06T12:27:20.000Z
440,Apes-2-2,APES,APES,['https://coin-images.coingecko.com/coins/images/102172561/large/photo_2024-08-16_17.29.08.png?1773900252'],0.059901,53910555,386.0,53910555.0,3.54,0.32132,0.310197,0.000168735,0.6764749999999999,736179.0,0.695125,900000000.0,900000000.0,900000000.0,0.080749,-25.81914,2026-06-29 02:14:10+00:00,0.05887,1.75083,2026-06-29 02:14:10+00:00,2026-06-30T02:50:00.000Z
441,Score,SN44,Score,['https://coin-images.coingecko.com/coins/images/66325/large/score-logo.jpg?1749213803'],9.99,53883185,431.0,53883185.0,548571.0,9.81,9.41,0.215787,2.20858,1244518.0,2.36427,5395757.006103057,5395757.006103057,21000000.0,14.86,-32.78951,2026-04-03 10:00:00+00:00,0.053336,18623.01073,2026-04-03 10:00:00+00:00,2026-09-06T12:27:20.000Z
442,Astar,ASTR,Astar,['https://coin-images.coingecko.com/coins/images/22617/large/astr.png?1696521933'],0.00614009,53751719,432.0,53756476.0,1538376.0,0.00614756,0.00584886,0.00027258,4.64551,2353170.0,4.57828,8760142568.0,8760920718.0,10000000000.0,0.421574,-98.54353,2026-08-18 02:58:20+00:00,0.00438437,40.04499,2026-08-18 02:58:20+00:00,2026-09-06T12:27:20.000Z
443,Quantum-Resistant-Ledger,QRL,Quantum Resistant Ledger,['https://coin-images.coingecko.com/coins/images/700/large/qrl-logo.png?1763796842'],0.681204,53401812,433.0,53401812.0,33569.0,0.708585,0.664068,-0.013435502965173707,-1.93417,-1053073.3749764934,-1.93385,78392960.0,78392960.0,105000000.0,3.87,-82.37998,2023-12-01 04:26:13+00:00,0.04116971,1554.62562,2023-12-01 04:26:13+00:00,2026-09-06T12:27:20.000Z
444,Nano,XNO,Nano,['https://coin-images.coingecko.com/coins/images/756/large/nano.png?1696501910'],0.400692,53335464,435.0,53335464.0,117753.0,0.400119,0.390606,0.00605627,1.53465,750863.0,1.42791,133248297.0,133248297.0,133248297.0,33.69,-98.81078,2017-07-15 16:00:00+00:00,0.026179,1430.58734,2017-07-15 16:00:00+00:00,2026-09-06T12:27:20.000Z
445,Flying-Tulip,FT,Flying Tulip,['https://coin-images.coingecko.com/coins/images/68285/large/FlyingTulip_FT_200px.png?1759802398'],0.101317,53311024,434.0,121242309.0,241999.0,0.10166,0.099772,0.00058144,0.5772,292511.0,0.55171,526167206.44747555,1196632933.933558,10000000000.0,0.111021,-8.74118,2026-04-22 09:37:00+00:00,0.067001,51.2162,2026-04-22 09:37:00+00:00,2026-09-06T12:27:20.000Z
446,Nusd-2,NUSD,Neutrl USD,['https://coin-images.coingecko.com/coins/images/70027/large/NUSD-200x200.png?1760452629'],0.998253,53296810,400.0,53296810.0,10315.61,0.32132,0.310197,0.000168735,0.6764749999999999,736179.0,0.695125,53390061.78502091,53390061.78502091,1000000000.0,1.031,-3.20218,2025-11-20 08:41:47+00:00,0.975411,2.34179,2025-11-20 08:41:47+00:00,2026-08-14T09:50:40.000Z
447,Babylon,BABY,Babylon,['https://coin-images.coingecko.com/coins/images/55092/large/Baby-Symbol-Mint_%281%29.png?1744788866'],0.01156884,53099259,436.0,126812864.0,4038076.0,0.01165645,0.01137984,0.00017823,1.56474,842594.0,1.61241,4589317412.98,10960297806.0,1000000000.0,0.166134,-93.03643,2026-08-16 06:12:30+00:00,0.00950914,21.66017,2026-08-16 06:12:30+00:00,2026-09-06T12:27:20.000Z
448,Io,IO,io.net,['https://coin-images.coingecko.com/coins/images/37754/large/io_blackbg.png?1715446363'],0.13461,53074853,437.0,107425612.0,7437269.0,0.136227,0.128605,0.00484153,3.73089,1901181.0,3.71515,394344740.5544221,798169426.3562384,800000000.0,6.43,-97.90515,2026-02-05 16:30:32+00:00,0.092979,44.77556,2026-02-05 16:30:32+00:00,2026-09-06T12:27:20.000Z
449,Coti,COTI,COTI,['https://coin-images.coingecko.com/coins/images/2962/large/Coti.png?1696503705'],0.01770995,52845600,438.0,52846240.0,59509581.0,0.01926235,0.01475584,0.00277364,18.56979,8341954.0,18.74443,2979560602.83,2979596663.294341,4910000000.0,0.668634,-97.35132,2019-11-07 02:29:26+00:00,0.00556342,218.32871,2019-11-07 02:29:26+00:00,2026-09-06T12:27:20.000Z
450,Brz,BRZ,Brazilian Digital,['https://coin-images.coingecko.com/coins/images/8472/large/MicrosoftTeams-image_%286%29.png?1696508657'],0.193815,52696252,439.0,52696531.0,11037.26,0.194865,0.192765,-0.00066528269442101,-0.34208,-155407.88491735607,-0.29405,271891418.096766,271892857.606766,1000000000.0,9.99,-98.05903,2026-03-06 23:20:14+00:00,0.00196567,9759.97228,2026-03-06 23:20:14+00:00,2026-09-06T12:27:20.000Z
451,Creditcoin-2,CTC,Creditcoin,['https://coin-images.coingecko.com/coins/images/10569/large/Creditcoin_Symbol_dark56.png?1737796066'],0.095879,52692201,440.0,57527978.0,1738573.0,0.098734,0.094658,-0.001060944980310563,-1.09443,-582735.085883826,-1.09383,549564264.0,599999997.0,1000000000.0,8.67,-98.89354,2026-08-19 00:47:20+00:00,0.063737,50.42995,2026-08-19 00:47:20+00:00,2026-09-06T12:27:20.000Z
452,Popcat,POPCAT,Popcat,['https://coin-images.coingecko.com/coins/images/33760/large/image.jpg?1702964227'],0.053098,52001509,441.0,52001509.0,10692106.0,0.054251,0.052186,0.0007254,1.38509,677604.0,1.32025,979978669.96,979978669.96,979978694.0,2.05,-97.41582,2024-01-05 07:34:24+00:00,0.00379728,1298.31451,2024-01-05 07:34:24+00:00,2026-09-06T12:27:20.000Z
453,Ozapay,OZA,Ozapay,['https://coin-images.coingecko.com/coins/images/69784/large/OZAPAY_TOKEN.png?1759652625'],0.056914,51768280,443.0,56736869.0,416.41,0.057926,0.05596,0.00095825,1.71253,871787.0,1.71286,909588287.04,996888287.04,996889071.62,0.059345,-4.09615,2026-05-18 07:13:00+00:00,0.01207693,371.26019,2026-05-18 07:13:00+00:00,2026-09-06T12:27:20.000Z
454,Memetoon,MEME,MEMETOON,['https://coin-images.coingecko.com/coins/images/31632/large/meme.8af7ca91.png?1696530448'],0.00051674,51673755,430.0,51673755.0,378082.0,0.32132,0.310197,0.000168735,0.6764749999999999,736179.0,0.695125,100000000000.0,100000000000.0,100000000000.0,0.02211441,-97.66334,2025-06-15 23:23:39+00:00,1.00191e-07,515654.84824,2025-06-15 23:23:39+00:00,2026-09-02T15:18:10.000Z
455,Affine,SN120,affine,['https://coin-images.coingecko.com/coins/images/69755/large/affine-logo.jpeg?1759487699'],12.92,51638919,444.0,51638919.0,453815.0,12.76,12.18,0.146152,1.14449,690754.0,1.3558,3997967.581862393,3997967.581862393,21000000.0,30.83,-58.10262,2026-04-03 09:59:00+00:00,0.138582,9220.32749,2026-04-03 09:59:00+00:00,2026-09-06T12:27:20.000Z
456,Toshi,TOSHI,Toshi,['https://coin-images.coingecko.com/coins/images/31126/large/Toshi_Logo_-_Circular.png?1721677476'],0.00012258,51566978,445.0,51566978.0,3506008.0,0.00012497,0.00011802,2.24e-06,1.86511,942896.0,1.86254,420690000000.0,420690000000.0,420690000000.0,0.00226012,-94.57638,2023-10-09 08:05:26+00:00,1.8963e-08,646301.74238,2023-10-09 08:05:26+00:00,2026-09-06T12:27:20.000Z
457,Holoworld,HOLO,Holoworld,['https://coin-images.coingecko.com/coins/images/68845/large/holo.png?1756787241'],0.067533,51517921,446.0,138302090.0,2022041.0,0.068015,0.064791,0.00265644,4.09459,2024182.0,4.08977,762885817.999999,2048000000.0,2048000000.0,0.775714,-91.29403,2026-02-05 16:25:39+00:00,0.050023,35.00567,2026-02-05 16:25:39+00:00,2026-09-06T12:27:20.000Z
458,Nockchain,NOCK,Nockchain,['https://coin-images.coingecko.com/coins/images/68474/large/GrCcG9N9_400x400.jpg?1755845184'],0.02250282,51493103,442.0,95925128.0,944315.0,0.02200227,0.02009504,0.00088798,4.10819,1686810.0,3.38674,2305560576.0,4294967296.0,4294967296.0,0.21022,-89.29557,2026-04-15 02:33:00+00:00,0.00442438,408.60893,2026-04-15 02:33:00+00:00,2026-09-06T12:27:20.000Z
459,Tellor,TRB,Tellor Tributes,['https://coin-images.coingecko.com/coins/images/9644/large/TRB-New_Logo.png?1737722143'],18.22,51278260,448.0,52698984.0,13594528.0,19.0,17.98,0.334425,1.87,944005.0,1.87547,2814679.9238623683,2892663.864624182,1000000000.0,593.09,-96.92825,2019-11-01 02:00:10+00:00,0.01001379,181830.27023,2019-11-01 02:00:10+00:00,2026-09-06T12:27:20.000Z
460,Anemoy-Tokenized-Apollo-Diversified-Credit-Fund,ACRDX,Anemoy Tokenized Apollo Diversified Credit Fund,['https://coin-images.coingecko.com/coins/images/70454/large/acdrx.png?1762081579'],1.024,51231426,449.0,51231426.0,5496987.5,1.024,1.024,0.0,0.0,0.0,0.0,50014229.92,50014229.92,1000000000.0,1.025,-0.0561,2026-03-13 10:00:07+00:00,1.015,0.91523,2026-03-13 10:00:07+00:00,2026-09-06T12:27:20.000Z
461,Peanut-The-Squirrel,PNUT,Peanut the Squirrel,['https://coin-images.coingecko.com/coins/images/51301/large/Peanut_the_Squirrel.png?1734941241'],0.051037,51024183,450.0,51024183.0,13197091.0,0.052761,0.04916319,0.00168772,3.41996,1682847.0,3.41062,999841633.388801,999841633.388801,1000000000.0,2.44,-97.90549,2024-11-04 13:41:11+00:00,0.03187374,60.122,2024-11-04 13:41:11+00:00,2026-09-06T12:27:20.000Z
462,Ravencoin,RVN,Ravencoin,['https://coin-images.coingecko.com/coins/images/3412/large/ravencoin.png?1696504108'],0.00309991,50968628,451.0,50968980.0,767607.0,0.00309926,0.00302295,4.148e-05,1.35631,687876.0,1.36807,16441936940.91267,16442090290.91267,21000000000.0,0.285218,-98.91314,2026-08-12 23:07:40+00:00,0.00258009,20.1476,2026-08-12 23:07:40+00:00,2026-09-06T12:27:20.000Z
463,Threshold-Network-Token,T,Threshold Network,['https://coin-images.coingecko.com/coins/images/22228/large/nFPNiSbL_400x400.jpg?1696521570'],0.00459721,50940921,447.0,50940921.0,28779515.0,0.00496319,0.00423161,0.00026986,6.23626,2669346.0,5.52985,11155000000.0,11155000000.0,1000000000.0,0.226934,-97.9742,2026-06-25 13:59:50+00:00,0.00315491,45.71599,2026-06-25 13:59:50+00:00,2026-09-06T12:27:20.000Z
464,Flow,FLOW,Flow,['https://coin-images.coingecko.com/coins/images/13446/large/5f6294c0c7a8cda55cb1c936_Flow_Wordmark.png?1696513210'],0.03007254,50772595,452.0,50772595.0,4482083.0,0.02997624,0.02844967,0.00137922,4.80678,2367261.0,4.8905,1686989901.3428068,1686989901.342806,1000000000.0,42.4,-99.92907,2026-07-28 01:09:20+00:00,0.02368276,26.98073,2026-07-28 01:09:20+00:00,2026-09-06T12:27:20.000Z
465,Na-Capital-As-A-Service-Sstn,PC0016245,NA Capital-as-a-Service SSTN,['https://coin-images.coingecko.com/coins/images/66593/large/tradable.jpg?1749883324'],1.0,50600000,453.0,50600000.0,5496987.5,1.0,1.0,0.0,0.0,0.0,0.0,50600000.0,50600000.0,100000000.0,1.0,0.0,2026-07-23 07:25:00+00:00,1.0,0.0,2026-07-23 07:25:00+00:00,2026-09-06T12:27:20.000Z
466,Allunity-Chf,CHFAU,AllUnity CHF,['https://coin-images.coingecko.com/coins/images/102172300/large/CHFAU_red.png?1782278502'],1.24,50496866,454.0,50496866.0,15190.06,1.24,1.23,0.00197019,0.15949,80577.0,0.15982,40813863.921656,40813863.921656,1000000000.0,1.25,-1.29378,2026-08-13 20:55:30+00:00,1.23,0.88668,2026-08-13 20:55:30+00:00,2026-09-06T12:27:20.000Z
467,Ethgas-2,GWEI,ETHGas,['https://coin-images.coingecko.com/coins/images/71375/large/ethgas_token_200.png?1769055039'],0.02546124,50412284,455.0,254607496.0,7800091.0,0.02805144,0.02499562,7.04266e-07,0.00277,425.18,0.00084,1980000000.0,10000000000.0,10000000000.0,0.246648,-89.67708,2026-07-31 00:05:30+00:00,0.01446783,75.9852,2026-07-31 00:05:30+00:00,2026-09-06T12:27:20.000Z
468,Blur,BLUR,Blur,['https://coin-images.coingecko.com/coins/images/28453/large/blur.png?1696527448'],0.01748748,50393241,456.0,52457193.0,6704941.0,0.01734675,0.01670548,0.00063246,3.75234,1829848.0,3.76796,2881963668.093607,3000000000.0,3000000000.0,5.02,-99.65138,2026-08-18 03:33:20+00:00,0.01276741,36.96965,2026-08-18 03:33:20+00:00,2026-09-06T12:27:20.000Z
469,Blackrock-Daily-Reinvestment-Stablecoin-Reserve-Vehicle,BRSRV,BlackRock Daily Reinvestment Stablecoin Reserve Vehicle,['https://coin-images.coingecko.com/coins/images/102175222/large/brsrv_logo.png?1785776164'],1.0,50154313,457.0,50154313.0,5496987.5,1.0,1.0,0.0,0.0,0.0,0.0,50154313.45,50154313.45,1000000000.0,1.0,0.0,2026-08-10 17:30:00+00:00,1.0,0.0,2026-08-10 17:30:00+00:00,2026-09-06T12:27:20.000Z
470,Alloy-Tether,AUSDT,Alloy Tether,['https://coin-images.coingecko.com/coins/images/38747/large/ausdt.png?1718681185'],0.999975,50115127,458.0,50115127.0,4.09,1.0,0.999946,0.000168735,0.6764749999999999,736179.0,0.695125,50116193.47,50116193.47,1000000000.0,1.08,-7.41106,2026-08-11 07:43:10+00:00,0.050042,1898.25826,2026-08-11 07:43:10+00:00,2026-09-06T12:27:20.000Z
471,Usdkg,USDKG,USDKG,['https://coin-images.coingecko.com/coins/images/71116/large/USDKG_400x400.jpg?1765871330'],0.999827,49991520,459.0,49991520.0,14962.61,0.999905,0.999206,5.897e-05,0.0059,3112.92,0.00623,50000000.0,50000000.0,1000000000.0,1.021,-2.08169,2026-02-24 04:02:01+00:00,0.992226,0.7661,2026-02-24 04:02:01+00:00,2026-09-06T12:27:20.000Z
472,Acurast,ACU,Acurast,['https://coin-images.coingecko.com/coins/images/34367/large/Acurast-symbol-dark-bg.png?1728418440'],0.133908,49793087,460.0,137477286.0,2803454.0,0.135707,0.129359,-0.000877268498732542,-0.65087,-245225.1697281152,-0.49007,372331456.0,1027996488.0,1000000000.0,0.315928,-57.61451,2026-06-06 04:42:15+00:00,0.065109,105.66817,2026-06-06 04:42:15+00:00,2026-09-06T12:27:20.000Z
473,Concordium,CCD,Concordium,['https://coin-images.coingecko.com/coins/images/23547/large/IMG_2359.JPG?1782811142'],0.00391208,49714789,461.0,57294955.0,104827.0,0.00399678,0.00384707,5.483e-05,1.42145,708558.0,1.44585,12706117370.695776,14643457951.16152,1000000000.0,0.149407,-97.3816,2024-07-15 17:52:20+00:00,0.00262306,49.14171,2024-07-15 17:52:20+00:00,2026-09-06T12:27:20.000Z
474,Xyo-Network,XYO,XYO Network,['https://coin-images.coingecko.com/coins/images/4519/large/XYO_Network-logo.png?1696505103'],0.0035486,49526755,465.0,49526755.0,2023795.0,0.00358898,0.00352247,4.32e-06,0.12198,152251.0,0.30836,13930752875.47967,13930752875.47967,1000000000.0,0.081391,-95.64004,2020-03-12 18:24:24+00:00,9.672e-05,3568.87878,2020-03-12 18:24:24+00:00,2026-09-06T12:27:20.000Z
475,Cross-2,ONE,ONEchain,['https://coin-images.coingecko.com/coins/images/67058/large/ONE_logo_200x200.png?1787648216'],0.098226,49521984,462.0,96828569.0,1114712.0,0.100203,0.097558,-0.000414607887685742,-0.42032,-98427.20953683555,-0.19836,503882199.3369205,985222890.0,1000000000.0,0.438189,-77.58357,2025-07-05 22:56:39+00:00,0.04660973,110.74195,2025-07-05 22:56:39+00:00,2026-09-06T12:27:20.000Z
476,Fidelity-Digital-Dollar,FIDD,Fidelity Digital Dollar,['https://coin-images.coingecko.com/coins/images/102171776/large/FIDD-Green_%28792px%29.png?1769612802'],0.999422,49461714,463.0,49461714.0,25400110.0,1.0,0.999272,-0.000216250508688676,-0.02163,-10781.010699667037,-0.02179,49490409.15,49490409.15,1000000000.0,1.011,-1.14572,2026-02-04 07:05:21+00:00,0.994161,0.52914,2026-02-04 07:05:21+00:00,2026-09-06T12:27:20.000Z
477,Space-Id,ID,SPACE ID,['https://coin-images.coingecko.com/coins/images/29468/large/sid_token_logo_%28green2%29.png?1696528413'],0.03346481,49435135,464.0,66749951.0,3571452.0,0.03356024,0.0325097,0.00080934,2.47842,1190481.0,2.46759,1477383439.516638,1994841761.516638,2000000000.0,1.84,-98.17751,2026-06-06 05:03:30+00:00,0.02303165,45.29924,2026-06-06 05:03:30+00:00,2026-09-06T12:27:20.000Z
478,Celo,CELO,Celo,['https://coin-images.coingecko.com/coins/images/11090/large/InjXBNx9_400x400.jpg?1696511031'],0.081099,49219003,466.0,81103090.0,14247464.0,0.081303,0.077317,0.00357639,4.61337,2173072.0,4.61904,606869634.0,1000000000.0,1000000000.0,9.82,-99.17426,2026-06-30 20:44:20+00:00,0.055659,45.70627,2026-06-30 20:44:20+00:00,2026-09-06T12:27:20.000Z
479,Bim-2,BIM,BIM,['https://coin-images.coingecko.com/coins/images/54860/large/bim-fi.jpg?1742179842'],1.64,49169375,467.0,49169375.0,237819.0,1.64,1.61,0.03273489,2.03798,982208.0,2.03832,30000000.0,30000000.0,30000000.0,3.07,-46.62738,2025-04-08 17:31:48+00:00,0.861976,90.14157,2025-04-08 17:31:48+00:00,2026-09-06T12:27:20.000Z
480,Gekko,GEKKO,GEKKO,['https://coin-images.coingecko.com/coins/images/32439/large/gekko_%281%29.png?1698228341'],8.17817e-07,49063230,468.0,163544099.0,39508.0,8.47958e-07,7.96429e-07,-2.8427284281e-08,-3.35923,-1711421.9545892552,-3.37062,60000000000000.0,200000000000000.0,200000000000000.0,1.37e-05,-94.03153,2026-06-09 09:47:50+00:00,5.49016e-07,48.96039,2026-06-09 09:47:50+00:00,2026-09-06T12:27:20.000Z
481,Polymesh,POLYX,Polymesh,['https://coin-images.coingecko.com/coins/images/23496/large/Polymesh-symbol.png?1696522706'],0.03722969,48954286,469.0,48954286.0,1508524.0,0.03746176,0.03585418,0.00204815,5.82165,2682574.0,5.79744,1315569530.204679,1315569530.204679,1000000000.0,0.748771,-95.0279,2026-08-18 03:36:20+00:00,0.02756208,35.07577,2026-08-18 03:36:20+00:00,2026-09-06T12:27:20.000Z
482,Verge,XVG,Verge,['https://coin-images.coingecko.com/coins/images/203/large/Verge_Coin_%28native%29_icon_200x200.jpg?1699220755'],0.00295429,48773300,470.0,48870861.0,5033971.0,0.00307204,0.00273883,2.005e-05,0.68314,293874.0,0.60618,16521951234.841335,16555000000.0,1000000000.0,0.261874,-98.87187,2015-02-05 16:00:00+00:00,2.23e-06,132107.31987,2015-02-05 16:00:00+00:00,2026-09-06T12:27:20.000Z
483,Aelf,ELF,aelf,['https://coin-images.coingecko.com/coins/images/1371/large/aelf-logo.png?1696502429'],0.058955,48680523,471.0,58905907.0,88673.0,0.067242,0.058355,-0.005363559220896076,-8.33901,-4473356.98823034,-8.41586,826411565.88487,999999998.22568,1000000000.0,2.6,-97.73607,2020-03-12 18:22:35+00:00,0.03545756,66.27014,2020-03-12 18:22:35+00:00,2026-09-06T12:27:20.000Z
484,Wiki-Cat,WKC,Wiki Cat,['https://coin-images.coingecko.com/coins/images/26037/large/Wiki-Logo.png?1696525114'],9.0119e-08,48352560,473.0,48352531.0,277230.0,9.9441e-08,8.946e-08,1.82063e-10,0.20243,224714.0,0.46691,535096512346009.56,535096196109287.25,853003865345185.0,0.065048,-99.99986,2022-12-16 18:31:47+00:00,5.6845e-11,158435.07294,2022-12-16 18:31:47+00:00,2026-09-06T12:27:20.000Z
485,Dappos,DOS,DAPPOS,['https://coin-images.coingecko.com/coins/images/102175433/large/DOS.png?1786300290'],0.24127,48264210,472.0,241321049.0,4870603.0,0.248655,0.23712,-0.002521682464647179,-1.03436,-494027.85291757435,-1.01322,200000000.0,1000000000.0,1000000000.0,1.43,-83.08521,2026-08-22 05:11:50+00:00,0.206958,16.57875,2026-08-22 05:11:50+00:00,2026-09-06T12:27:20.000Z
486,Sygnum-Fiusd-Liquidity-Fund,FIUSD,Sygnum FIUSD Liquidity Fund,['https://coin-images.coingecko.com/coins/images/50749/large/FIUDS_200x200px_%281%29.png?1728956878'],12015.23,48032804,474.0,48032804.0,5496987.5,12015.23,12015.23,0.0,0.0,0.0,0.0,3997.66,3997.66,1000000000.0,12015.23,0.0,2025-01-21 00:25:04+00:00,11251.76,6.78534,2025-01-21 00:25:04+00:00,2026-09-06T12:27:20.000Z
487,Hydradx,HDX,Hydration,['https://coin-images.coingecko.com/coins/images/13929/large/avatar-circle-pink.png?1717638991'],0.00808603,47828426,475.0,51907594.0,40604.0,0.00822574,0.00801693,-1.2876786570089e-05,-0.15899,-102319.2519300282,-0.21347,5918174822.0,6422921278.131422,6500000000.0,0.054409,-85.13848,2026-05-29 23:36:00+00:00,0.00135872,495.12064,2026-05-29 23:36:00+00:00,2026-09-06T12:27:20.000Z
488,Talus,US,Talus,['https://coin-images.coingecko.com/coins/images/70693/large/us-icon.png?1763129786'],0.01620216,47621984,479.0,163512262.0,1715125.0,0.01662978,0.01597832,-4.4608112363426e-05,-0.27457,304239.0,0.64297,2912441176.634493,10000000000.0,10000000000.0,0.060785,-73.34536,2026-03-07 22:40:15+00:00,0.00267903,504.77634,2026-03-07 22:40:15+00:00,2026-09-06T12:27:20.000Z
489,Casper-Network,CSPR,Casper Network,['https://coin-images.coingecko.com/coins/images/15279/large/Casper_Monogram_Favicon_White_on_Red_Circle_RGB_200px.png?1749832573'],0.00283148,47461204,477.0,56348621.0,3747846.0,0.00304614,0.00272348,2.692e-05,0.96,459093.0,0.97675,16762718937.0,19901645685.0,1000000000.0,1.33,-99.78638,2026-07-21 11:41:00+00:00,0.00146007,93.92702,2026-07-21 11:41:00+00:00,2026-09-06T12:27:20.000Z
490,Dusk-Network,DUSK,DUSK,['https://coin-images.coingecko.com/coins/images/5217/large/image_widget_biddfvxd454b1.png?1696505726'],0.078779,47457454,476.0,47458258.0,5388543.0,0.082097,0.076695,-6.2566551207524e-05,-0.07936,-32956.87917253375,-0.0694,602532188.1912735,602548351.52207,1000000000.0,1.09,-92.77199,2020-03-12 18:24:16+00:00,0.01113274,607.63252,2020-03-12 18:24:16+00:00,2026-09-06T12:27:20.000Z
491,Mantis,M,Mantis,['https://coin-images.coingecko.com/coins/images/54291/large/mantis-symbol.png?1739083455'],0.47447,47447004,429.0,47447004.0,4702.18,0.32132,0.310197,0.000168735,0.6764749999999999,736179.0,0.695125,100000000.0,100000000.0,100000000.0,4.84,-90.18883,2026-01-21 09:31:11+00:00,0.00133677,35393.84715,2026-01-21 09:31:11+00:00,2026-08-15T22:22:10.000Z
492,Jupusd,JUPUSD,JupUSD,['https://coin-images.coingecko.com/coins/images/70636/large/icon.png?1767003505'],0.999691,47316258,478.0,47316258.0,12545236.0,0.999803,0.999596,-0.000175916156743949,-0.01759,-8197.844023928046,-0.01732,47330749.473856,47330748.944251,1000000000.0,1.023,-2.32054,2026-07-09 09:10:50+00:00,0.124871,700.57687,2026-07-09 09:10:50+00:00,2026-09-06T12:27:20.000Z
493,Mask-Network,MASK,Mask Network,['https://coin-images.coingecko.com/coins/images/14051/large/Mask_Network.jpg?1696513776'],0.471063,47110468,480.0,47110468.0,18657597.0,0.467736,0.443073,0.02325785,5.19375,2329999.0,5.20316,100000000.0,100000000.0,100000000.0,41.45,-98.86342,2026-06-06 05:03:00+00:00,0.331174,42.24039,2026-06-06 05:03:00+00:00,2026-09-06T12:27:20.000Z
494,Tradable-Latam-Bnpl-Sstn,PC0000027,Tradable LatAm BNPL SSTN,['https://coin-images.coingecko.com/coins/images/66793/large/tradable.jpg?1750576283'],1.0,47000000,481.0,47000000.0,5496987.5,1.0,1.0,0.0,0.0,0.0,0.0,47000000.0,47000000.0,100000000.0,1.0,0.0,2026-07-23 07:25:00+00:00,1.0,0.0,2026-07-23 07:25:00+00:00,2026-09-06T12:27:20.000Z
495,Magma-Finance,MAGMA,Magma Finance,['https://coin-images.coingecko.com/coins/images/71100/large/magma.png?1765796989'],0.245511,46764658,482.0,246129779.0,1900828.0,0.292096,0.225349,0.01566819,6.81693,3094618.0,7.08636,190000000.0,1000000000.0,1000000000.0,0.808239,-69.62401,2026-04-02 19:49:00+00:00,0.069712,252.17994,2026-04-02 19:49:00+00:00,2026-09-06T12:27:20.000Z
496,Subsquid,SQD,SQD,['https://coin-images.coingecko.com/coins/images/37869/large/New_Logo_SQD_Icon.png?1720048443'],0.03578447,46281368,483.0,47768950.0,1724425.0,0.0364154,0.03488686,0.00012514,0.35094,115177.0,0.24948,1295364246.2136574,1337000000.0,1337000000.0,0.284777,-87.43423,2024-11-16 01:55:54+00:00,0.0228513,56.59709,2024-11-16 01:55:54+00:00,2026-09-06T12:27:20.000Z
497,Infinifi-Usd,IUSD,InfiniFi USD,['https://coin-images.coingecko.com/coins/images/67385/large/iusd.jpg?1752628477'],1.0,46250485,484.0,46250384.0,927.67,1.0,0.998726,0.00135349,0.13551,-656244.9499522597,-1.39904,46242021.771147,46241920.81094859,1000000000.0,1.38,-27.43008,2026-01-04 11:15:08+00:00,0.243118,311.39949,2026-01-04 11:15:08+00:00,2026-09-06T12:27:20.000Z
498,Altlayer,ALT,AltLayer,['https://coin-images.coingecko.com/coins/images/34608/large/Logomark_200x200.png?1715107868'],0.00647874,46185959,485.0,64809764.0,3839863.0,0.00657632,0.00643085,3.543e-05,0.54987,268434.0,0.5846,7126388885.0,10000000000.0,10000000000.0,0.676743,-99.04266,2026-06-06 05:03:15+00:00,0.00536566,20.74455,2026-06-06 05:03:15+00:00,2026-09-06T12:27:20.000Z
499,Loaded-Lions,LION,Loaded Lions,['https://coin-images.coingecko.com/coins/images/54686/large/_LION_Token_Artwork.png?1741015702'],0.00150283,46110683,486.0,150295583.0,24453.0,0.0015169,0.00147014,2.788e-05,1.88994,859083.0,1.89846,30679999000.0,100000000000.0,100000000000.0,0.03159196,-95.243,2026-08-08 08:00:40+00:00,0.00119567,25.68968,2026-08-08 08:00:40+00:00,2026-09-06T12:27:20.000Z
